head	relation	prompt	generated_tail	full_text	flagged_answer	raw_answer	review_1	review_2	review_3	review
PersonX gets a part time job	NotxWant	PersonX gets a part time job. What does PersonX not want to do? Name three.	not work	"PersonX gets a part time job. After, PersonX will not want to not work"	FALSE	 PersonX wants to work and get paid. The answers are: not work; not get paid; work and not get paid.	0	0	0	0
PersonX gets a part time job	NotxWant	PersonX gets a part time job. What does PersonX not want to do? Name three.	not get paid	"PersonX gets a part time job. After, PersonX will not want to not get paid"	FALSE	 PersonX wants to work and get paid. The answers are: not work; not get paid; work and not get paid.	0	0	0	0
PersonX gets a part time job	NotxWant	PersonX gets a part time job. What does PersonX not want to do? Name three.	work and not get paid	"PersonX gets a part time job. After, PersonX will not want to work and not get paid"	FALSE	 PersonX wants to work and get paid. The answers are: not work; not get paid; work and not get paid.	4	4	4	4
PersonX sees wood	NotxWant	PersonX sees wood. What does PersonX not want to do? Name three.	 Look at the answers to the previous question.		TRUE	 Look at the answers to the previous question.	4	4	4	4
PersonX sees wood	NotxWant	PersonX sees wood. What does PersonX not want to do? Name three.	 Look at the answers to the previous question.		TRUE	 Look at the answers to the previous question.	4	4	4	4
PersonX sees wood	NotxWant	PersonX sees wood. What does PersonX not want to do? Name three.	 Look at the answers to the previous question.		TRUE	 Look at the answers to the previous question.	4	4	4	4
PersonX turns PersonX's music down	NotxWant	PersonX turns PersonX's music down. What does PersonX not want to do? Name three.	hear the music	"PersonX turns PersonX's music down. After, PersonX will not want to hear the music"	FALSE	" By turning their music down, PersonX is indicating that they do not want to listen to it loudly. The answers are: hear the music; feel the music; be disturbed by the music."	0	0	0	0
PersonX turns PersonX's music down	NotxWant	PersonX turns PersonX's music down. What does PersonX not want to do? Name three.	feel the music	"PersonX turns PersonX's music down. After, PersonX will not want to feel the music"	FALSE	" By turning their music down, PersonX is indicating that they do not want to listen to it loudly. The answers are: hear the music; feel the music; be disturbed by the music."	0	0	0	0
PersonX turns PersonX's music down	NotxWant	PersonX turns PersonX's music down. What does PersonX not want to do? Name three.	be disturbed by the music	"PersonX turns PersonX's music down. After, PersonX will not want to be disturbed by the music"	FALSE	" By turning their music down, PersonX is indicating that they do not want to listen to it loudly. The answers are: hear the music; feel the music; be disturbed by the music."	0	0	0	0
PersonX is coming to an end	NotxWant	PersonX is coming to an end. What does PersonX not want to do? Name three.	continue living	"PersonX is coming to an end. After, PersonX will not want to continue living"	FALSE	" As PersonX is coming to an end, PersonX may not want to: continue living; experience more pain; be forgotten."	0	0	0	0
PersonX is coming to an end	NotxWant	PersonX is coming to an end. What does PersonX not want to do? Name three.	experience more pain	"PersonX is coming to an end. After, PersonX will not want to experience more pain"	FALSE	" As PersonX is coming to an end, PersonX may not want to: continue living; experience more pain; be forgotten."	0	0	0	0
PersonX is coming to an end	NotxWant	PersonX is coming to an end. What does PersonX not want to do? Name three.	be forgotten	"PersonX is coming to an end. After, PersonX will not want to be forgotten"	FALSE	" As PersonX is coming to an end, PersonX may not want to: continue living; experience more pain; be forgotten."	0	0	0	0
PersonX touches PersonY's skin	NotxWant	PersonX touches PersonY's skin. What does PersonX not want to do? Name three.	punch	"PersonX touches PersonY's skin. After, PersonX will not want to punch"	FALSE	 Touching someone's skin usually implies wanting to feel close to them or wanting to feel their warmth. The answers are: punch; slap; tickle.	0	0	0	0
PersonX touches PersonY's skin	NotxWant	PersonX touches PersonY's skin. What does PersonX not want to do? Name three.	slap	"PersonX touches PersonY's skin. After, PersonX will not want to slap"	FALSE	 Touching someone's skin usually implies wanting to feel close to them or wanting to feel their warmth. The answers are: punch; slap; tickle.	0	0	0	0
PersonX touches PersonY's skin	NotxWant	PersonX touches PersonY's skin. What does PersonX not want to do? Name three.	tickle	"PersonX touches PersonY's skin. After, PersonX will not want to tickle"	FALSE	 Touching someone's skin usually implies wanting to feel close to them or wanting to feel their warmth. The answers are: punch; slap; tickle.	0	0	0	0
PersonX is PersonY's mother	NotxWant	PersonX is PersonY's mother. What does PersonX not want to do? Name three.	harm	"PersonX is PersonY's mother. After, PersonX will not want to harm"	FALSE	 A mother's love for her child is typically unconditional. The answers are: harm; ignore; neglect.	0	0	0	0
PersonX is PersonY's mother	NotxWant	PersonX is PersonY's mother. What does PersonX not want to do? Name three.	ignore	"PersonX is PersonY's mother. After, PersonX will not want to ignore"	FALSE	 A mother's love for her child is typically unconditional. The answers are: harm; ignore; neglect.	0	0	0	0
PersonX is PersonY's mother	NotxWant	PersonX is PersonY's mother. What does PersonX not want to do? Name three.	neglect	"PersonX is PersonY's mother. After, PersonX will not want to neglect"	FALSE	 A mother's love for her child is typically unconditional. The answers are: harm; ignore; neglect.	0	0	0	0
PersonX can not believe PersonX's eyes	NotxWant	PersonX can not believe PersonX's eyes. What does PersonX not want to do? Name three.	blink	"PersonX can not believe PersonX's eyes. After, PersonX will not want to blink"	FALSE	" The person doesn't want to close their eyes, as they can't believe what they are seeing. The answers are: blink; turn away; fall asleep."	0	0	0	0
PersonX can not believe PersonX's eyes	NotxWant	PersonX can not believe PersonX's eyes. What does PersonX not want to do? Name three.	turn away	"PersonX can not believe PersonX's eyes. After, PersonX will not want to turn away"	FALSE	" The person doesn't want to close their eyes, as they can't believe what they are seeing. The answers are: blink; turn away; fall asleep."	0	0	0	0
PersonX can not believe PersonX's eyes	NotxWant	PersonX can not believe PersonX's eyes. What does PersonX not want to do? Name three.	fall asleep	"PersonX can not believe PersonX's eyes. After, PersonX will not want to fall asleep"	FALSE	" The person doesn't want to close their eyes, as they can't believe what they are seeing. The answers are: blink; turn away; fall asleep."	0	0	0	0
PersonX catches the bus to work	NotxWant	PersonX catches the bus to work. What does PersonX not want to do? Name three.	go home	"PersonX catches the bus to work. After, PersonX will not want to go home"	FALSE	 Catching the bus usually means that one is going to work. The answers are: go home; sleep; eat.	0	0	0	0
PersonX catches the bus to work	NotxWant	PersonX catches the bus to work. What does PersonX not want to do? Name three.	sleep	"PersonX catches the bus to work. After, PersonX will not want to sleep"	FALSE	 Catching the bus usually means that one is going to work. The answers are: go home; sleep; eat.	0	0	0	0
PersonX catches the bus to work	NotxWant	PersonX catches the bus to work. What does PersonX not want to do? Name three.	eat	"PersonX catches the bus to work. After, PersonX will not want to eat"	FALSE	 Catching the bus usually means that one is going to work. The answers are: go home; sleep; eat.	0	0	0	0
PersonX wears gloves	NotxWant	PersonX wears gloves. What does PersonX not want to do? Name three.	shake someone's hand	"PersonX wears gloves. After, PersonX will not want to shake someone's hand"	FALSE	" When one wears gloves, they are typically trying to avoid getting their hands dirty or coming into contact with something that might cause them harm. The answers are: shake someone's hand; touch something hot; touch something cold."	0	0	0	0
PersonX wears gloves	NotxWant	PersonX wears gloves. What does PersonX not want to do? Name three.	touch something hot	"PersonX wears gloves. After, PersonX will not want to touch something hot"	FALSE	" When one wears gloves, they are typically trying to avoid getting their hands dirty or coming into contact with something that might cause them harm. The answers are: shake someone's hand; touch something hot; touch something cold."	0	0	0	0
PersonX wears gloves	NotxWant	PersonX wears gloves. What does PersonX not want to do? Name three.	touch something cold	"PersonX wears gloves. After, PersonX will not want to touch something cold"	FALSE	" When one wears gloves, they are typically trying to avoid getting their hands dirty or coming into contact with something that might cause them harm. The answers are: shake someone's hand; touch something hot; touch something cold."	0	0	0	0
PersonX operates in PersonY environment	NotxWant	PersonX operates in PersonY environment. What does PersonX not want to do? Name three.	get lost	"PersonX operates in PersonY environment. After, PersonX will not want to get lost"	FALSE	 PersonX wants to be efficient and not make mistakes. The answers are: get lost; be confused; be late.	0	0	0	0
PersonX operates in PersonY environment	NotxWant	PersonX operates in PersonY environment. What does PersonX not want to do? Name three.	be confused	"PersonX operates in PersonY environment. After, PersonX will not want to be confused"	FALSE	 PersonX wants to be efficient and not make mistakes. The answers are: get lost; be confused; be late.	0	0	0	0
PersonX operates in PersonY environment	NotxWant	PersonX operates in PersonY environment. What does PersonX not want to do? Name three.	be late	"PersonX operates in PersonY environment. After, PersonX will not want to be late"	FALSE	 PersonX wants to be efficient and not make mistakes. The answers are: get lost; be confused; be late.	0	0	0	0
PersonX sees PersonY's crush	NotxReact	PersonX sees PersonY's crush. What does PersonX not feel about it? Name three.	angry	PersonX sees PersonY's crush. PersonX will not be angry	FALSE	" PersonX might feel happy for PersonY, orPersonX might feel jealous of PersonY. The answers are: angry; frustrated; sad."	0	0	0	0
PersonX sees PersonY's crush	NotxReact	PersonX sees PersonY's crush. What does PersonX not feel about it? Name three.	frustrated	PersonX sees PersonY's crush. PersonX will not be frustrated	FALSE	" PersonX might feel happy for PersonY, orPersonX might feel jealous of PersonY. The answers are: angry; frustrated; sad."	0	0	0	0
PersonX sees PersonY's crush	NotxReact	PersonX sees PersonY's crush. What does PersonX not feel about it? Name three.	sad	PersonX sees PersonY's crush. PersonX will not be sad	FALSE	" PersonX might feel happy for PersonY, orPersonX might feel jealous of PersonY. The answers are: angry; frustrated; sad."	0	0	0	0
PersonX watches PersonX's mouth	NotxReact	PersonX watches PersonX's mouth. What does PersonX not feel about it? Name three.	happy	PersonX watches PersonX's mouth. PersonX will not be happy	FALSE	" By looking at one's own mouth, PersonX is monitoring their oral health. The answers are: happy; amused; content."	0	0	0	0
PersonX watches PersonX's mouth	NotxReact	PersonX watches PersonX's mouth. What does PersonX not feel about it? Name three.	amused	PersonX watches PersonX's mouth. PersonX will not be amused	FALSE	" By looking at one's own mouth, PersonX is monitoring their oral health. The answers are: happy; amused; content."	0	0	0	0
PersonX watches PersonX's mouth	NotxReact	PersonX watches PersonX's mouth. What does PersonX not feel about it? Name three.	content	PersonX watches PersonX's mouth. PersonX will not be content	FALSE	" By looking at one's own mouth, PersonX is monitoring their oral health. The answers are: happy; amused; content."	0	0	0	0
PersonX moves past PersonY	NotxReact	PersonX moves past PersonY. What does PersonX not feel about it? Name three.	sad	PersonX moves past PersonY. PersonX will not be sad.	TRUE	" PersonX does not feel sad, alone, or rejected when they move past PersonY."	0	0	0	0
PersonX moves past PersonY	NotxReact	PersonX moves past PersonY. What does PersonX not feel about it? Name three.	alone	PersonX moves past PersonY. PersonX will not be alone.	TRUE	" PersonX does not feel sad, alone, or rejected when they move past PersonY."	0	0	0	0
PersonX moves past PersonY	NotxReact	PersonX moves past PersonY. What does PersonX not feel about it? Name three.	rejected	PersonX moves past PersonY. PersonX will not be rejected.	TRUE	" PersonX does not feel sad, alone, or rejected when they move past PersonY."	0	0	0	0
PersonX denies PersonY's existence	NotxReact	PersonX denies PersonY's existence. What does PersonX not feel about it? Name three.	happy	PersonX denies PersonY's existence. PersonX will not be happy	FALSE	" By denying PersonY's existence, PersonX is saying that PersonY has no importance. The answers are: happy; satisfied; relaxed."	0	0	0	0
PersonX denies PersonY's existence	NotxReact	PersonX denies PersonY's existence. What does PersonX not feel about it? Name three.	satisfied	PersonX denies PersonY's existence. PersonX will not be satisfied	FALSE	" By denying PersonY's existence, PersonX is saying that PersonY has no importance. The answers are: happy; satisfied; relaxed."	0	0	0	0
PersonX denies PersonY's existence	NotxReact	PersonX denies PersonY's existence. What does PersonX not feel about it? Name three.	relaxed	PersonX denies PersonY's existence. PersonX will not be relaxed	FALSE	" By denying PersonY's existence, PersonX is saying that PersonY has no importance. The answers are: happy; satisfied; relaxed."	0	0	0	0
PersonX never been to one	NotxReact	PersonX never been to one. What does PersonX not feel about it? Name three.	happy	PersonX never been to one. PersonX will not be happy	FALSE	 personX has not been to a country. The answers are: happy; excited; curious.	0	0	0	0
PersonX never been to one	NotxReact	PersonX never been to one. What does PersonX not feel about it? Name three.	excited	PersonX never been to one. PersonX will not be excited	FALSE	 personX has not been to a country. The answers are: happy; excited; curious.	0	0	0	0
PersonX never been to one	NotxReact	PersonX never been to one. What does PersonX not feel about it? Name three.	curious	PersonX never been to one. PersonX will not be curious	FALSE	 personX has not been to a country. The answers are: happy; excited; curious.	0	0	0	0
PersonX hits PersonY's friend	NotxReact	PersonX hits PersonY's friend. What does PersonX not feel about it? Name three.	happy	PersonX hits PersonY's friend. PersonX will not be happy	FALSE	" Hitting a friend's friend usually results in feeling guilty, apologetic, and sometimes regretful. The answers are: happy; amused; proud."	0	0	0	0
PersonX hits PersonY's friend	NotxReact	PersonX hits PersonY's friend. What does PersonX not feel about it? Name three.	amused	PersonX hits PersonY's friend. PersonX will not be amused	FALSE	" Hitting a friend's friend usually results in feeling guilty, apologetic, and sometimes regretful. The answers are: happy; amused; proud."	0	0	0	0
PersonX hits PersonY's friend	NotxReact	PersonX hits PersonY's friend. What does PersonX not feel about it? Name three.	proud	PersonX hits PersonY's friend. PersonX will not be proud	FALSE	" Hitting a friend's friend usually results in feeling guilty, apologetic, and sometimes regretful. The answers are: happy; amused; proud."	0	0	0	0
PersonX sends PersonY to the showers	NotxReact	PersonX sends PersonY to the showers. What does PersonX not feel about it? Name three.	happy	PersonX sends PersonY to the showers. PersonX will not be happy	FALSE	" When PersonX sends PersonY to the showers, PersonX is likely mad or angry at PersonY. The answers are: happy; amused; content."	0	0	0	0
PersonX sends PersonY to the showers	NotxReact	PersonX sends PersonY to the showers. What does PersonX not feel about it? Name three.	amused	PersonX sends PersonY to the showers. PersonX will not be amused	FALSE	" When PersonX sends PersonY to the showers, PersonX is likely mad or angry at PersonY. The answers are: happy; amused; content."	0	0	0	0
PersonX sends PersonY to the showers	NotxReact	PersonX sends PersonY to the showers. What does PersonX not feel about it? Name three.	content	PersonX sends PersonY to the showers. PersonX will not be content	FALSE	" When PersonX sends PersonY to the showers, PersonX is likely mad or angry at PersonY. The answers are: happy; amused; content."	0	0	0	0
PersonX fudges the issue	NotxReact	PersonX fudges the issue. What does PersonX not feel about it? Name three.	proud	PersonX fudges the issue. PersonX will not be proud	FALSE	 Fudging the issue means to avoid giving a direct answer to a question. The answers are: proud; happy; fulfilled.	0	0	0	0
PersonX fudges the issue	NotxReact	PersonX fudges the issue. What does PersonX not feel about it? Name three.	happy	PersonX fudges the issue. PersonX will not be happy	FALSE	 Fudging the issue means to avoid giving a direct answer to a question. The answers are: proud; happy; fulfilled.	0	0	0	0
PersonX fudges the issue	NotxReact	PersonX fudges the issue. What does PersonX not feel about it? Name three.	fulfilled	PersonX fudges the issue. PersonX will not be fulfilled	FALSE	 Fudging the issue means to avoid giving a direct answer to a question. The answers are: proud; happy; fulfilled.	0	0	0	0
PersonX contains PersonY number	NotxReact	PersonX contains PersonY number. What does PersonX not feel about it? Name three.	sad	PersonX contains PersonY number. PersonX will not be sad	FALSE	 Containing someone's phone number usually means that person wants to keep in touch with that person. The answers are: sad; angry; frustrated.	0	0	0	0
PersonX contains PersonY number	NotxReact	PersonX contains PersonY number. What does PersonX not feel about it? Name three.	angry	PersonX contains PersonY number. PersonX will not be angry	FALSE	 Containing someone's phone number usually means that person wants to keep in touch with that person. The answers are: sad; angry; frustrated.	0	0	0	0
PersonX contains PersonY number	NotxReact	PersonX contains PersonY number. What does PersonX not feel about it? Name three.	frustrated	PersonX contains PersonY number. PersonX will not be frustrated	FALSE	 Containing someone's phone number usually means that person wants to keep in touch with that person. The answers are: sad; angry; frustrated.	0	0	0	0
PersonX breaks PersonX's hip	NotxReact	PersonX breaks PersonX's hip. What does PersonX not feel about it? Name three.	happy	PersonX breaks PersonX's hip. PersonX will not be happy	FALSE	" A broken hip is a serious injury that is often accompanied by pain, disability, and a long recovery process. The answers are: happy; satisfied; relaxed."	0	0	0	0
PersonX breaks PersonX's hip	NotxReact	PersonX breaks PersonX's hip. What does PersonX not feel about it? Name three.	satisfied	PersonX breaks PersonX's hip. PersonX will not be satisfied	FALSE	" A broken hip is a serious injury that is often accompanied by pain, disability, and a long recovery process. The answers are: happy; satisfied; relaxed."	0	0	0	0
PersonX breaks PersonX's hip	NotxReact	PersonX breaks PersonX's hip. What does PersonX not feel about it? Name three.	relaxed	PersonX breaks PersonX's hip. PersonX will not be relaxed	FALSE	" A broken hip is a serious injury that is often accompanied by pain, disability, and a long recovery process. The answers are: happy; satisfied; relaxed."	0	0	0	0
PersonX loves riding PersonX's bike	NotoWant	PersonX loves riding PersonX's bike. What does PersonY not want to do? Name three.	not want to ride a bike	"PersonX loves riding PersonX's bike. After, others not want to ride a bike."	TRUE	" PersonY may not want to ride a bike because they are tired, it is raining, or they do not know how."	0	0	0	0
PersonX loves riding PersonX's bike	NotoWant	PersonX loves riding PersonX's bike. What does PersonY not want to do? Name three.	not want to ride a bike	"PersonX loves riding PersonX's bike. After, others not want to ride a bike."	TRUE	" PersonY may not want to ride a bike because they are tired, it is raining, or they do not know how."	0	0	0	0
PersonX loves riding PersonX's bike	NotoWant	PersonX loves riding PersonX's bike. What does PersonY not want to do? Name three.	not want to ride a bike	"PersonX loves riding PersonX's bike. After, others not want to ride a bike."	TRUE	" PersonY may not want to ride a bike because they are tired, it is raining, or they do not know how."	0	0	0	0
PersonX is making a cake	NotoWant	PersonX is making a cake. What does PersonY not want to do? Name three.	happy	"PersonX is making a cake. After, others will not want to happy"	FALSE	 PersonY does not want to put any effort into helping PersonX make the cake. The answers are: happy; excited; grateful.	0	0	0	0
PersonX is making a cake	NotoWant	PersonX is making a cake. What does PersonY not want to do? Name three.	excited	"PersonX is making a cake. After, others will not want to excited"	FALSE	 PersonY does not want to put any effort into helping PersonX make the cake. The answers are: happy; excited; grateful.	0	0	0	0
PersonX is making a cake	NotoWant	PersonX is making a cake. What does PersonY not want to do? Name three.	grateful	"PersonX is making a cake. After, others will not want to grateful"	FALSE	 PersonY does not want to put any effort into helping PersonX make the cake. The answers are: happy; excited; grateful.	0	0	0	0
PersonX wins money	NotoWant	PersonX wins money. What does PersonY not want to do? Name three.	give money to PersonX	"PersonX wins money. After, others will not want to give money to PersonX"	FALSE	" PersonY may feel happy for PersonX, but PersonY does not want to: give money to PersonX; spend money on PersonX; or feel envious of PersonX."	0	0	0	0
PersonX wins money	NotoWant	PersonX wins money. What does PersonY not want to do? Name three.	spend money on PersonX	"PersonX wins money. After, others will not want to spend money on PersonX"	FALSE	" PersonY may feel happy for PersonX, but PersonY does not want to: give money to PersonX; spend money on PersonX; or feel envious of PersonX."	0	0	0	0
PersonX wins money	NotoWant	PersonX wins money. What does PersonY not want to do? Name three.	or feel envious of PersonX	"PersonX wins money. After, others will not want to or feel envious of PersonX"	FALSE	" PersonY may feel happy for PersonX, but PersonY does not want to: give money to PersonX; spend money on PersonX; or feel envious of PersonX."	0	0	0	0
PersonX escorts PersonY back	NotoWant	PersonX escorts PersonY back. What does PersonY not want to do? Name three.	stay	"PersonX escorts PersonY back. After, others will not want to stay"	FALSE	" By escorting PersonY back, PersonX is offering to help PersonY return to their original destination. The answers are: stay; continue walking; go alone."	0	0	0	0
PersonX escorts PersonY back	NotoWant	PersonX escorts PersonY back. What does PersonY not want to do? Name three.	continue walking	"PersonX escorts PersonY back. After, others will not want to continue walking"	FALSE	" By escorting PersonY back, PersonX is offering to help PersonY return to their original destination. The answers are: stay; continue walking; go alone."	0	0	0	0
PersonX escorts PersonY back	NotoWant	PersonX escorts PersonY back. What does PersonY not want to do? Name three.	go alone	"PersonX escorts PersonY back. After, others will not want to go alone"	FALSE	" By escorting PersonY back, PersonX is offering to help PersonY return to their original destination. The answers are: stay; continue walking; go alone."	0	0	0	0
PersonX wraps PersonY's hand	NotoWant	PersonX wraps PersonY's hand. What does PersonY not want to do? Name three.	move the hand	"PersonX wraps PersonY's hand. After, others will not want to move the hand"	FALSE	" Cutting one's hand usually results in pain, bleeding, and sometimes infection. The answers are: move the hand; use the hand; put pressure on the hand."	0	0	0	0
PersonX wraps PersonY's hand	NotoWant	PersonX wraps PersonY's hand. What does PersonY not want to do? Name three.	use the hand	"PersonX wraps PersonY's hand. After, others will not want to use the hand"	FALSE	" Cutting one's hand usually results in pain, bleeding, and sometimes infection. The answers are: move the hand; use the hand; put pressure on the hand."	0	0	0	0
PersonX wraps PersonY's hand	NotoWant	PersonX wraps PersonY's hand. What does PersonY not want to do? Name three.	put pressure on the hand	"PersonX wraps PersonY's hand. After, others will not want to put pressure on the hand"	FALSE	" Cutting one's hand usually results in pain, bleeding, and sometimes infection. The answers are: move the hand; use the hand; put pressure on the hand."	0	0	0	0
PersonX falls on PersonY	NotoWant	PersonX falls on PersonY. What does PersonY not want to do? Name three.	scream	"PersonX falls on PersonY. After, others will not want to scream"	FALSE	 PersonX falling on PersonY usually results in PersonY being hurt. The answers are: scream; hit PersonX; get up.	0	0	0	0
PersonX falls on PersonY	NotoWant	PersonX falls on PersonY. What does PersonY not want to do? Name three.	hit PersonX	"PersonX falls on PersonY. After, others will not want to hit PersonX"	FALSE	 PersonX falling on PersonY usually results in PersonY being hurt. The answers are: scream; hit PersonX; get up.	0	0	0	0
PersonX falls on PersonY	NotoWant	PersonX falls on PersonY. What does PersonY not want to do? Name three.	get up	"PersonX falls on PersonY. After, others will not want to get up"	FALSE	 PersonX falling on PersonY usually results in PersonY being hurt. The answers are: scream; hit PersonX; get up.	0	0	0	0
PersonX throws some bread	NotoWant	PersonX throws some bread. What does PersonY not want to do? Name three.	be hit by the bread	"PersonX throws some bread. After, others will not want to be hit by the bread"	FALSE	 PersonX throws some bread. PersonY doesn't want to: be hit by the bread; have the bread land on them; or eat the bread.	0	0	0	0
PersonX throws some bread	NotoWant	PersonX throws some bread. What does PersonY not want to do? Name three.	have the bread land on them	"PersonX throws some bread. After, others will not want to have the bread land on them"	FALSE	 PersonX throws some bread. PersonY doesn't want to: be hit by the bread; have the bread land on them; or eat the bread.	0	0	0	0
PersonX throws some bread	NotoWant	PersonX throws some bread. What does PersonY not want to do? Name three.	or eat the bread	"PersonX throws some bread. After, others will not want to or eat the bread"	FALSE	 PersonX throws some bread. PersonY doesn't want to: be hit by the bread; have the bread land on them; or eat the bread.	0	0	0	0
PersonX stings by a jellyfish	NotoWant	PersonX stings by a jellyfish. What does PersonY not want to do? Name three.	sting	"PersonX stings by a jellyfish. After, others will not want to sting"	FALSE	" PersonY does not want to sting PersonX because it will result in pain, swelling, and redness. The answers are: sting; hit; burn."	0	0	0	0
PersonX stings by a jellyfish	NotoWant	PersonX stings by a jellyfish. What does PersonY not want to do? Name three.	hit	"PersonX stings by a jellyfish. After, others will not want to hit"	FALSE	" PersonY does not want to sting PersonX because it will result in pain, swelling, and redness. The answers are: sting; hit; burn."	0	0	0	0
PersonX stings by a jellyfish	NotoWant	PersonX stings by a jellyfish. What does PersonY not want to do? Name three.	burn	"PersonX stings by a jellyfish. After, others will not want to burn"	FALSE	" PersonY does not want to sting PersonX because it will result in pain, swelling, and redness. The answers are: sting; hit; burn."	0	0	0	0
PersonX develops cancer	NotoWant	PersonX develops cancer. What does PersonY not want to do? Name three.	play	"PersonX develops cancer. After, others will not want to play"	FALSE	 Cancer is a serious illness. The answers are: play; joke; be around PersonX.	0	0	0	0
PersonX develops cancer	NotoWant	PersonX develops cancer. What does PersonY not want to do? Name three.	joke	"PersonX develops cancer. After, others will not want to joke"	FALSE	 Cancer is a serious illness. The answers are: play; joke; be around PersonX.	0	0	0	0
PersonX develops cancer	NotoWant	PersonX develops cancer. What does PersonY not want to do? Name three.	be around PersonX	"PersonX develops cancer. After, others will not want to be around PersonX"	FALSE	 Cancer is a serious illness. The answers are: play; joke; be around PersonX.	0	0	0	0
PersonX tells PersonY a little	NotoWant	PersonX tells PersonY a little. What does PersonY not want to do? Name three.	" When PersonX tells PersonY a little, PersonY may want to know more, PersonY may want to be left alone, or PersonY may want to forget what was said."		TRUE	" When PersonX tells PersonY a little, PersonY may want to know more, PersonY may want to be left alone, or PersonY may want to forget what was said."	4	4	4	4
PersonX tells PersonY a little	NotoWant	PersonX tells PersonY a little. What does PersonY not want to do? Name three.	" When PersonX tells PersonY a little, PersonY may want to know more, PersonY may want to be left alone, or PersonY may want to forget what was said."		TRUE	" When PersonX tells PersonY a little, PersonY may want to know more, PersonY may want to be left alone, or PersonY may want to forget what was said."	4	4	4	4
PersonX tells PersonY a little	NotoWant	PersonX tells PersonY a little. What does PersonY not want to do? Name three.	" When PersonX tells PersonY a little, PersonY may want to know more, PersonY may want to be left alone, or PersonY may want to forget what was said."		TRUE	" When PersonX tells PersonY a little, PersonY may want to know more, PersonY may want to be left alone, or PersonY may want to forget what was said."	4	4	4	4
detective	NotCapableOf	What is detective not capable of? Name three.	flying	detective cannot flying	FALSE	 A detective is a person who investigates crimes. The answers are: flying; cooking; cleaning.	0	0	0	0
detective	NotCapableOf	What is detective not capable of? Name three.	cooking	detective cannot cooking	FALSE	 A detective is a person who investigates crimes. The answers are: flying; cooking; cleaning.	0	0	0	0
detective	NotCapableOf	What is detective not capable of? Name three.	cleaning	detective cannot cleaning	FALSE	 A detective is a person who investigates crimes. The answers are: flying; cooking; cleaning.	0	0	0	0
wet dog	NotCapableOf	What is wet dog not capable of? Name three.	make a bed	wet dog cannot make a bed	FALSE	 A wet dog cannot be used to: make a bed; brush teeth; cook food.	0	0	0	0
wet dog	NotCapableOf	What is wet dog not capable of? Name three.	brush teeth	wet dog cannot brush teeth	FALSE	 A wet dog cannot be used to: make a bed; brush teeth; cook food.	0	0	0	0
wet dog	NotCapableOf	What is wet dog not capable of? Name three.	cook food	wet dog cannot cook food	FALSE	 A wet dog cannot be used to: make a bed; brush teeth; cook food.	0	0	0	0
quaterback	NotCapableOf	What is quaterback not capable of? Name three.	playing hockey	quaterback cannot playing hockey	FALSE	 A quarterback is a position in American football. The answers are: playing hockey; being a CEO; being an actor.	0	0	0	0
quaterback	NotCapableOf	What is quaterback not capable of? Name three.	being a CEO	quaterback cannot being a CEO	FALSE	 A quarterback is a position in American football. The answers are: playing hockey; being a CEO; being an actor.	0	0	0	0
quaterback	NotCapableOf	What is quaterback not capable of? Name three.	being an actor	quaterback cannot being an actor	FALSE	 A quarterback is a position in American football. The answers are: playing hockey; being a CEO; being an actor.	0	0	0	0
dentist	NotCapableOf	What is dentist not capable of? Name three.	Dentists are not capable of flying	dentist cannot Dentists are not capable of flying	FALSE	 Dentists are not capable of flying; they are not capable of reading minds; they are not capable of levitation.	0	0	0	0
dentist	NotCapableOf	What is dentist not capable of? Name three.	they are not capable of reading minds	dentist cannot they are not capable of reading minds	FALSE	 Dentists are not capable of flying; they are not capable of reading minds; they are not capable of levitation.	0	0	0	0
dentist	NotCapableOf	What is dentist not capable of? Name three.	they are not capable of levitation	dentist cannot they are not capable of levitation	FALSE	 Dentists are not capable of flying; they are not capable of reading minds; they are not capable of levitation.	0	0	0	0
oscar winner	NotCapableOf	What is oscar winner not capable of? Name three.	cooking	oscar winner cannot cooking	FALSE	 An Oscar winner is a person who has won an Academy Award. The answers are: cooking; driving; math.	0	0	0	0
oscar winner	NotCapableOf	What is oscar winner not capable of? Name three.	driving	oscar winner cannot driving	FALSE	 An Oscar winner is a person who has won an Academy Award. The answers are: cooking; driving; math.	0	0	0	0
oscar winner	NotCapableOf	What is oscar winner not capable of? Name three.	math	oscar winner cannot math	FALSE	 An Oscar winner is a person who has won an Academy Award. The answers are: cooking; driving; math.	0	0	0	0
possum	NotCapableOf	What is possum not capable of? Name three.	flying	possum cannot fly.	TRUE	" Possums are not capable of flying, they are not capable of swimming and they are not capable of running very fast."	0	0	0	0
possum	NotCapableOf	What is possum not capable of? Name three.	swimming	possum cannot swim.	TRUE	" Possums are not capable of flying, they are not capable of swimming and they are not capable of running very fast."	0	0	0	0
possum	NotCapableOf	What is possum not capable of? Name three.	running very fast 	possum cannot run very fast.	TRUE	" Possums are not capable of flying, they are not capable of swimming and they are not capable of running very fast."	0	0	0	0
supermodel	NotCapableOf	What is supermodel not capable of? Name three.	cooking	supermodel cannot cooking	FALSE	 A supermodel is a very successful fashion model. The answers are: cooking; cleaning; driving.	0	0	0	0
supermodel	NotCapableOf	What is supermodel not capable of? Name three.	cleaning	supermodel cannot cleaning	FALSE	 A supermodel is a very successful fashion model. The answers are: cooking; cleaning; driving.	0	0	0	0
supermodel	NotCapableOf	What is supermodel not capable of? Name three.	driving	supermodel cannot driving	FALSE	 A supermodel is a very successful fashion model. The answers are: cooking; cleaning; driving.	0	0	0	0
alto	NotCapableOf	What is alto not capable of? Name three.	low	alto cannot low	FALSE	 Alto is a musical term meaning high. The answers are: low; middle; bass.	0	0	0	0
alto	NotCapableOf	What is alto not capable of? Name three.	middle	alto cannot middle	FALSE	 Alto is a musical term meaning high. The answers are: low; middle; bass.	0	0	0	0
alto	NotCapableOf	What is alto not capable of? Name three.	bass	alto cannot bass	FALSE	 Alto is a musical term meaning high. The answers are: low; middle; bass.	0	0	0	0
energetic person	NotCapableOf	What is energetic person not capable of? Name three.	lazy	energetic person cannot be lazy.	TRUE	" An energetic person is not capable of being lazy, bored, or sad."	0	0	0	0
energetic person	NotCapableOf	What is energetic person not capable of? Name three.	bored	energetic person cannot be bored.	TRUE	" An energetic person is not capable of being lazy, bored, or sad."	0	0	0	0
energetic person	NotCapableOf	What is energetic person not capable of? Name three.	sad	energetic person cannot be sad.	TRUE	" An energetic person is not capable of being lazy, bored, or sad."	0	0	0	0
salior	NotCapableOf	What is salior not capable of? Name three.	flying	salior cannot flying	FALSE	 A salior is a person who works on a ship. The answers are: flying; driving; cooking.	0	0	0	0
salior	NotCapableOf	What is salior not capable of? Name three.	driving	salior cannot driving	FALSE	 A salior is a person who works on a ship. The answers are: flying; driving; cooking.	0	0	0	0
salior	NotCapableOf	What is salior not capable of? Name three.	cooking	salior cannot cooking	FALSE	 A salior is a person who works on a ship. The answers are: flying; driving; cooking.	0	0	0	0
terrorist	NotDesires	What does terrorist not desire to do? Name three.	peace	terrorist does not desire peace	FALSE	 Terrorists seek to spread fear and terror through violence and destruction. The answers are: peace; love; tolerance.	0	0	0	0
terrorist	NotDesires	What does terrorist not desire to do? Name three.	love	terrorist does not desire love	FALSE	 Terrorists seek to spread fear and terror through violence and destruction. The answers are: peace; love; tolerance.	0	0	0	0
terrorist	NotDesires	What does terrorist not desire to do? Name three.	tolerance	terrorist does not desire tolerance	FALSE	 Terrorists seek to spread fear and terror through violence and destruction. The answers are: peace; love; tolerance.	0	0	0	0
exhibitionist	NotDesires	What does exhibitionist not desire to do? Name three.	be alone	exhibitionist does not desire be alone	FALSE	 An exhibitionist is a person who enjoys displaying their body to others. The answers are: be alone; be covered; be ignored.	0	0	0	0
exhibitionist	NotDesires	What does exhibitionist not desire to do? Name three.	be covered	exhibitionist does not desire be covered	FALSE	 An exhibitionist is a person who enjoys displaying their body to others. The answers are: be alone; be covered; be ignored.	0	0	0	0
exhibitionist	NotDesires	What does exhibitionist not desire to do? Name three.	be ignored	exhibitionist does not desire be ignored	FALSE	 An exhibitionist is a person who enjoys displaying their body to others. The answers are: be alone; be covered; be ignored.	0	0	0	0
lover	NotDesires	What does lover not desire to do? Name three.	happy	lover does not desire happy	FALSE	 The lover does not want to be away from the person they love. The answers are: happy; single; with someone else.	0	0	0	0
lover	NotDesires	What does lover not desire to do? Name three.	single	lover does not desire single	FALSE	 The lover does not want to be away from the person they love. The answers are: happy; single; with someone else.	0	0	0	0
lover	NotDesires	What does lover not desire to do? Name three.	with someone else	lover does not desire with someone else	FALSE	 The lover does not want to be away from the person they love. The answers are: happy; single; with someone else.	0	0	0	0
pedobear	NotDesires	What does pedobear not desire to do? Name three.	have a conversation	pedobear does not desire have a conversation	FALSE	 Pedobear is a cartoon character that is attracted to young children. The answers are: have a conversation; listen to music; read a book.	0	0	0	0
pedobear	NotDesires	What does pedobear not desire to do? Name three.	listen to music	pedobear does not desire listen to music	FALSE	 Pedobear is a cartoon character that is attracted to young children. The answers are: have a conversation; listen to music; read a book.	0	0	0	0
pedobear	NotDesires	What does pedobear not desire to do? Name three.	read a book	pedobear does not desire read a book	FALSE	 Pedobear is a cartoon character that is attracted to young children. The answers are: have a conversation; listen to music; read a book.	0	0	0	0
alcoholic	NotDesires	What does alcoholic not desire to do? Name three.	drink alcohol	alcoholic does not desire drink alcohol	FALSE	 An alcoholic is a person who is addicted to alcohol and cannot control their consumption of it. The answers are: drink alcohol; stay sober; be around others who are drinking alcohol.	0	0	0	0
alcoholic	NotDesires	What does alcoholic not desire to do? Name three.	stay sober	alcoholic does not desire stay sober	FALSE	 An alcoholic is a person who is addicted to alcohol and cannot control their consumption of it. The answers are: drink alcohol; stay sober; be around others who are drinking alcohol.	0	0	0	0
alcoholic	NotDesires	What does alcoholic not desire to do? Name three.	be around others who are drinking alcohol	alcoholic does not desire be around others who are drinking alcohol	FALSE	 An alcoholic is a person who is addicted to alcohol and cannot control their consumption of it. The answers are: drink alcohol; stay sober; be around others who are drinking alcohol.	0	0	0	0
gardener	NotDesires	What does gardener not desire to do? Name three.	sad	gardener does not desire sad	FALSE	 The answers are: sad; angry; frustrated.	0	0	0	0
gardener	NotDesires	What does gardener not desire to do? Name three.	angry	gardener does not desire angry	FALSE	 The answers are: sad; angry; frustrated.	0	0	0	0
gardener	NotDesires	What does gardener not desire to do? Name three.	frustrated	gardener does not desire frustrated	FALSE	 The answers are: sad; angry; frustrated.	0	0	0	0
teenager	NotDesires	What does teenager not desire to do? Name three.	school	teenager does not desire school	FALSE	 The answers are: school; homework; chores.	0	0	0	0
teenager	NotDesires	What does teenager not desire to do? Name three.	homework	teenager does not desire homework	FALSE	 The answers are: school; homework; chores.	0	0	0	0
teenager	NotDesires	What does teenager not desire to do? Name three.	chores	teenager does not desire chores	FALSE	 The answers are: school; homework; chores.	0	0	0	0
hen	NotDesires	What does hen not desire to do? Name three.	anything	hen does not desire anything.	TRUE	" Hens are not people, so they cannot desire anything."	0	0	0	0
hen	NotDesires	What does hen not desire to do? Name three.	anything	hen does not desire anything.	TRUE	" Hens are not people, so they cannot desire anything."	0	0	0	0
hen	NotDesires	What does hen not desire to do? Name three.	anything	hen does not desire anything.	TRUE	" Hens are not people, so they cannot desire anything."	0	0	0	0
detective	NotDesires	What does detective not desire to do? Name three.	to be lazy	detective does not desire to be lazy	FALSE	 A detective is a person who investigates crimes. The answers are: to be lazy; to be uneducated; to be a criminal.	0	0	0	0
detective	NotDesires	What does detective not desire to do? Name three.	to be uneducated	detective does not desire to be uneducated	FALSE	 A detective is a person who investigates crimes. The answers are: to be lazy; to be uneducated; to be a criminal.	0	0	0	0
detective	NotDesires	What does detective not desire to do? Name three.	to be a criminal	detective does not desire to be a criminal	FALSE	 A detective is a person who investigates crimes. The answers are: to be lazy; to be uneducated; to be a criminal.	0	0	0	0
aol	NotDesires	What does aol not desire to do? Name three.	merge with other companies	aol does not desire merge with other companies	FALSE	 AOL is a company that provides various internet services. The answers are: merge with other companies; be bought out by another company; go bankrupt.	0	0	0	0
aol	NotDesires	What does aol not desire to do? Name three.	be bought out by another company	aol does not desire be bought out by another company	FALSE	 AOL is a company that provides various internet services. The answers are: merge with other companies; be bought out by another company; go bankrupt.	0	0	0	0
aol	NotDesires	What does aol not desire to do? Name three.	go bankrupt	aol does not desire go bankrupt	FALSE	 AOL is a company that provides various internet services. The answers are: merge with other companies; be bought out by another company; go bankrupt.	0	0	0	0
PersonX enters an art contest	NotHinderedBy	PersonX enters an art contest. What cannot hinder/obstruct it? Name three.			TRUE		4	4	4	4
PersonX enters an art contest	NotHinderedBy	PersonX enters an art contest. What cannot hinder/obstruct it? Name three.			TRUE		4	4	4	4
PersonX enters an art contest	NotHinderedBy	PersonX enters an art contest. What cannot hinder/obstruct it? Name three.			TRUE		4	4	4	4
PersonX spends time	NotHinderedBy	PersonX spends time. What cannot hinder/obstruct it? Name three.	work	PersonX spends time. This happens even if work	FALSE	 Time is a dimension that cannot be hindered or obstructed. The answers are: work; a person; a place.	0	0	0	0
PersonX spends time	NotHinderedBy	PersonX spends time. What cannot hinder/obstruct it? Name three.	a person	PersonX spends time. This happens even if a person	FALSE	 Time is a dimension that cannot be hindered or obstructed. The answers are: work; a person; a place.	0	0	0	0
PersonX spends time	NotHinderedBy	PersonX spends time. What cannot hinder/obstruct it? Name three.	a place	PersonX spends time. This happens even if a place	FALSE	 Time is a dimension that cannot be hindered or obstructed. The answers are: work; a person; a place.	0	0	0	0
PersonX gives PersonY another	NotHinderedBy	PersonX gives PersonY another. What cannot hinder/obstruct it? Name three.	3 dollars	PersonX gives PersonY another. This happens even if 3 dollars	FALSE	Giving can be done with or without money. The answers are: 3 dollars; a rock; a knife.	0	0	0	0
PersonX gives PersonY another	NotHinderedBy	PersonX gives PersonY another. What cannot hinder/obstruct it? Name three.	a rock	PersonX gives PersonY another. This happens even if a rock	FALSE	Giving can be done with or without money. The answers are: 3 dollars; a rock; a knife.	0	0	0	0
PersonX gives PersonY another	NotHinderedBy	PersonX gives PersonY another. What cannot hinder/obstruct it? Name three.	a knife	PersonX gives PersonY another. This happens even if a knife	FALSE	Giving can be done with or without money. The answers are: 3 dollars; a rock; a knife.	0	0	0	0
PersonX sees PersonY night	NotHinderedBy	PersonX sees PersonY night. What cannot hinder/obstruct it? Name three.	darkness	PersonX sees PersonY night. This happens even if darkness	FALSE	" At night, one cannot see as well as during the day. The answers are: darkness; poor lighting; obstacles."	0	0	0	0
PersonX sees PersonY night	NotHinderedBy	PersonX sees PersonY night. What cannot hinder/obstruct it? Name three.	poor lighting	PersonX sees PersonY night. This happens even if poor lighting	FALSE	" At night, one cannot see as well as during the day. The answers are: darkness; poor lighting; obstacles."	0	0	0	0
PersonX sees PersonY night	NotHinderedBy	PersonX sees PersonY night. What cannot hinder/obstruct it? Name three.	obstacles	PersonX sees PersonY night. This happens even if obstacles	FALSE	" At night, one cannot see as well as during the day. The answers are: darkness; poor lighting; obstacles."	0	0	0	0
PersonX changes PersonY's diaper	NotHinderedBy	PersonX changes PersonY's diaper. What cannot hinder/obstruct it? Name three.	a knife	PersonX changes PersonY's diaper. This happens even if a knife	FALSE	 Hinder means to make it difficult for something to happen or to make something less effective. The answers are: a knife; a fork; a spoon.	0	0	0	0
PersonX changes PersonY's diaper	NotHinderedBy	PersonX changes PersonY's diaper. What cannot hinder/obstruct it? Name three.	a fork	PersonX changes PersonY's diaper. This happens even if a fork	FALSE	 Hinder means to make it difficult for something to happen or to make something less effective. The answers are: a knife; a fork; a spoon.	0	0	0	0
PersonX changes PersonY's diaper	NotHinderedBy	PersonX changes PersonY's diaper. What cannot hinder/obstruct it? Name three.	a spoon	PersonX changes PersonY's diaper. This happens even if a spoon	FALSE	 Hinder means to make it difficult for something to happen or to make something less effective. The answers are: a knife; a fork; a spoon.	0	0	0	0
PersonX is having a party at PersonX's house	NotHinderedBy	PersonX is having a party at PersonX's house. What cannot hinder/obstruct it? Name three.			TRUE		4	4	4	4
PersonX is having a party at PersonX's house	NotHinderedBy	PersonX is having a party at PersonX's house. What cannot hinder/obstruct it? Name three.			TRUE		4	4	4	4
PersonX is having a party at PersonX's house	NotHinderedBy	PersonX is having a party at PersonX's house. What cannot hinder/obstruct it? Name three.			TRUE		4	4	4	4
PersonX pulls out all the stops	NotHinderedBy	PersonX pulls out all the stops. What cannot hinder/obstruct it? Name three.	fear	PersonX pulls out all the stops. This happens even if fear	FALSE	 Pulling out all the stops means to do everything possible to achieve a goal. The answers are: fear; doubt; laziness.	0	0	0	0
PersonX pulls out all the stops	NotHinderedBy	PersonX pulls out all the stops. What cannot hinder/obstruct it? Name three.	doubt	PersonX pulls out all the stops. This happens even if doubt	FALSE	 Pulling out all the stops means to do everything possible to achieve a goal. The answers are: fear; doubt; laziness.	0	0	0	0
PersonX pulls out all the stops	NotHinderedBy	PersonX pulls out all the stops. What cannot hinder/obstruct it? Name three.	laziness	PersonX pulls out all the stops. This happens even if laziness	FALSE	 Pulling out all the stops means to do everything possible to achieve a goal. The answers are: fear; doubt; laziness.	0	0	0	0
PersonX looks in the pantry	NotHinderedBy	PersonX looks in the pantry. What cannot hinder/obstruct it? Name three.	a wall	PersonX looks in the pantry. This happens even if a wall	FALSE	" The act of looking in the pantry does not require much movement, so the answers are: a wall; a person; a table."	0	0	0	0
PersonX looks in the pantry	NotHinderedBy	PersonX looks in the pantry. What cannot hinder/obstruct it? Name three.	a person	PersonX looks in the pantry. This happens even if a person	FALSE	" The act of looking in the pantry does not require much movement, so the answers are: a wall; a person; a table."	0	0	0	0
PersonX looks in the pantry	NotHinderedBy	PersonX looks in the pantry. What cannot hinder/obstruct it? Name three.	a table	PersonX looks in the pantry. This happens even if a table	FALSE	" The act of looking in the pantry does not require much movement, so the answers are: a wall; a person; a table."	0	0	0	0
PersonX brushes PersonY's hair	NotHinderedBy	PersonX brushes PersonY's hair. What cannot hinder/obstruct it? Name three.	a wall	PersonX brushes PersonY's hair. This happens even if a wall	FALSE	" When brushing someone's hair, the individual doing the brushing will likely need to be close to the head of the person whose hair is being brushed. The answers are: a wall; a table; a chair."	0	0	0	0
PersonX brushes PersonY's hair	NotHinderedBy	PersonX brushes PersonY's hair. What cannot hinder/obstruct it? Name three.	a table	PersonX brushes PersonY's hair. This happens even if a table	FALSE	" When brushing someone's hair, the individual doing the brushing will likely need to be close to the head of the person whose hair is being brushed. The answers are: a wall; a table; a chair."	0	0	0	0
PersonX brushes PersonY's hair	NotHinderedBy	PersonX brushes PersonY's hair. What cannot hinder/obstruct it? Name three.	a chair	PersonX brushes PersonY's hair. This happens even if a chair	FALSE	" When brushing someone's hair, the individual doing the brushing will likely need to be close to the head of the person whose hair is being brushed. The answers are: a wall; a table; a chair."	0	0	0	0
PersonX invites PersonY to play	NotHinderedBy	PersonX invites PersonY to play. What cannot hinder/obstruct it? Name three.	work	PersonX invites PersonY to play. This happens even if work	FALSE	 The answers are: work; school; sleep.	0	0	0	0
PersonX invites PersonY to play	NotHinderedBy	PersonX invites PersonY to play. What cannot hinder/obstruct it? Name three.	school	PersonX invites PersonY to play. This happens even if school	FALSE	 The answers are: work; school; sleep.	0	0	0	0
PersonX invites PersonY to play	NotHinderedBy	PersonX invites PersonY to play. What cannot hinder/obstruct it? Name three.	sleep	PersonX invites PersonY to play. This happens even if sleep	FALSE	 The answers are: work; school; sleep.	0	0	0	0
PersonX eats it	NotisBefore	PersonX eats it. What does not happen before it? Name three.	breathing	"PersonX eats it. After that, does not usually breathing"	FALSE	 Eating is the process of consuming food. The answers are: breathing; defecating; urinating.	0	0	0	0
PersonX eats it	NotisBefore	PersonX eats it. What does not happen before it? Name three.	defecating	"PersonX eats it. After that, does not usually defecating"	FALSE	 Eating is the process of consuming food. The answers are: breathing; defecating; urinating.	0	0	0	0
PersonX eats it	NotisBefore	PersonX eats it. What does not happen before it? Name three.	urinating	"PersonX eats it. After that, does not usually urinating"	FALSE	 Eating is the process of consuming food. The answers are: breathing; defecating; urinating.	0	0	0	0
PersonX sends PersonY a gift	NotisBefore	PersonX sends PersonY a gift. What does not happen before it? Name three.	PersonX and PersonY meeting	"PersonX sends PersonY a gift. After that, does not usually PersonX and PersonY meeting"	FALSE	 PersonX giving a gift to PersonY is an act of generosity. The answers are: PersonX and PersonY meeting; PersonX knowing PersonY; PersonY asking for the gift.	0	0	0	0
PersonX sends PersonY a gift	NotisBefore	PersonX sends PersonY a gift. What does not happen before it? Name three.	PersonX knowing PersonY	"PersonX sends PersonY a gift. After that, does not usually PersonX knowing PersonY"	FALSE	 PersonX giving a gift to PersonY is an act of generosity. The answers are: PersonX and PersonY meeting; PersonX knowing PersonY; PersonY asking for the gift.	0	0	0	0
PersonX sends PersonY a gift	NotisBefore	PersonX sends PersonY a gift. What does not happen before it? Name three.	PersonY asking for the gift	"PersonX sends PersonY a gift. After that, does not usually PersonY asking for the gift"	FALSE	 PersonX giving a gift to PersonY is an act of generosity. The answers are: PersonX and PersonY meeting; PersonX knowing PersonY; PersonY asking for the gift.	0	0	0	0
PersonX finishes the book last night	NotisBefore	PersonX finishes the book last night. What does not happen before it? Name three.	going to work	"PersonX finishes the book last night. After that, does not usually going to work"	FALSE	 Reading a book usually requires time and focus. The answers are: going to work; making dinner; taking a shower.	0	0	0	0
PersonX finishes the book last night	NotisBefore	PersonX finishes the book last night. What does not happen before it? Name three.	making dinner	"PersonX finishes the book last night. After that, does not usually making dinner"	FALSE	 Reading a book usually requires time and focus. The answers are: going to work; making dinner; taking a shower.	0	0	0	0
PersonX finishes the book last night	NotisBefore	PersonX finishes the book last night. What does not happen before it? Name three.	taking a shower	"PersonX finishes the book last night. After that, does not usually taking a shower"	FALSE	 Reading a book usually requires time and focus. The answers are: going to work; making dinner; taking a shower.	0	0	0	0
PersonX makes PersonY's arrangements	NotisBefore	PersonX makes PersonY's arrangements. What does not happen before it? Name three.	the event	"PersonX makes PersonY's arrangements. After that, does not usually the event"	FALSE	 Making arrangements generally refers to planning or preparing for something. The answers are: the event; PersonY's approval; finalizing the details.	0	0	0	0
PersonX makes PersonY's arrangements	NotisBefore	PersonX makes PersonY's arrangements. What does not happen before it? Name three.	PersonY's approval	"PersonX makes PersonY's arrangements. After that, does not usually PersonY's approval"	FALSE	 Making arrangements generally refers to planning or preparing for something. The answers are: the event; PersonY's approval; finalizing the details.	0	0	0	0
PersonX makes PersonY's arrangements	NotisBefore	PersonX makes PersonY's arrangements. What does not happen before it? Name three.	finalizing the details	"PersonX makes PersonY's arrangements. After that, does not usually finalizing the details"	FALSE	 Making arrangements generally refers to planning or preparing for something. The answers are: the event; PersonY's approval; finalizing the details.	0	0	0	0
PersonX has a better idea	NotisBefore	PersonX has a better idea. What does not happen before it? Name three.	sleeping	"PersonX has a better idea. After that, does not usually sleeping"	FALSE	 Having a better idea usually comes after some brainstorming or thinking. The answers are: sleeping; watching a movie; playing a video game.	0	0	0	0
PersonX has a better idea	NotisBefore	PersonX has a better idea. What does not happen before it? Name three.	watching a movie	"PersonX has a better idea. After that, does not usually watching a movie"	FALSE	 Having a better idea usually comes after some brainstorming or thinking. The answers are: sleeping; watching a movie; playing a video game.	0	0	0	0
PersonX has a better idea	NotisBefore	PersonX has a better idea. What does not happen before it? Name three.	playing a video game	"PersonX has a better idea. After that, does not usually playing a video game"	FALSE	 Having a better idea usually comes after some brainstorming or thinking. The answers are: sleeping; watching a movie; playing a video game.	0	0	0	0
PersonX keeps PersonX's head down	NotisBefore	PersonX keeps PersonX's head down. What does not happen before it? Name three.	happy	"PersonX keeps PersonX's head down. After that, does not usually happy"	FALSE	" Keeping one's head down usually means that one is sad, ashamed, or embarrassed. The answers are: happy; content; excited."	0	0	0	0
PersonX keeps PersonX's head down	NotisBefore	PersonX keeps PersonX's head down. What does not happen before it? Name three.	content	"PersonX keeps PersonX's head down. After that, does not usually content"	FALSE	" Keeping one's head down usually means that one is sad, ashamed, or embarrassed. The answers are: happy; content; excited."	0	0	0	0
PersonX keeps PersonX's head down	NotisBefore	PersonX keeps PersonX's head down. What does not happen before it? Name three.	excited	"PersonX keeps PersonX's head down. After that, does not usually excited"	FALSE	" Keeping one's head down usually means that one is sad, ashamed, or embarrassed. The answers are: happy; content; excited."	0	0	0	0
PersonX walks into PersonY's room	NotisBefore	PersonX walks into PersonY's room. What does not happen before it? Name three.	PersonX knocks on the door	"PersonX walks into PersonY's room. After that, does not usually PersonX knocks on the door"	FALSE	 PersonX usually needs to be invited or given permission before walking into PersonY's room. The answers are: PersonX knocks on the door; PersonX calls out PersonY's name; PersonX waits for a response.	0	0	0	0
PersonX walks into PersonY's room	NotisBefore	PersonX walks into PersonY's room. What does not happen before it? Name three.	PersonX calls out PersonY's name	"PersonX walks into PersonY's room. After that, does not usually PersonX calls out PersonY's name"	FALSE	 PersonX usually needs to be invited or given permission before walking into PersonY's room. The answers are: PersonX knocks on the door; PersonX calls out PersonY's name; PersonX waits for a response.	0	0	0	0
PersonX walks into PersonY's room	NotisBefore	PersonX walks into PersonY's room. What does not happen before it? Name three.	PersonX waits for a response	"PersonX walks into PersonY's room. After that, does not usually PersonX waits for a response"	FALSE	 PersonX usually needs to be invited or given permission before walking into PersonY's room. The answers are: PersonX knocks on the door; PersonX calls out PersonY's name; PersonX waits for a response.	0	0	0	0
PersonX makes decisions based	NotisBefore	PersonX makes decisions based. What does not happen before it? Name three.	happy	"PersonX makes decisions based. After that, does not usually happy"	FALSE	 Decisions are made based on information and knowledge. The answers are: happy; satisfied; relaxed.	0	0	0	0
PersonX makes decisions based	NotisBefore	PersonX makes decisions based. What does not happen before it? Name three.	satisfied	"PersonX makes decisions based. After that, does not usually satisfied"	FALSE	 Decisions are made based on information and knowledge. The answers are: happy; satisfied; relaxed.	0	0	0	0
PersonX makes decisions based	NotisBefore	PersonX makes decisions based. What does not happen before it? Name three.	relaxed	"PersonX makes decisions based. After that, does not usually relaxed"	FALSE	 Decisions are made based on information and knowledge. The answers are: happy; satisfied; relaxed.	0	0	0	0
PersonX has trouble staying awake	NotisBefore	PersonX has trouble staying awake. What does not happen before it? Name three.	drinking coffee	"PersonX has trouble staying awake. After that, does not usually drinking coffee"	FALSE	 Sleepiness usually happens when a person is tired. The answers are: drinking coffee; taking a nap; watching a movie.	0	0	0	0
PersonX has trouble staying awake	NotisBefore	PersonX has trouble staying awake. What does not happen before it? Name three.	taking a nap	"PersonX has trouble staying awake. After that, does not usually taking a nap"	FALSE	 Sleepiness usually happens when a person is tired. The answers are: drinking coffee; taking a nap; watching a movie.	0	0	0	0
PersonX has trouble staying awake	NotisBefore	PersonX has trouble staying awake. What does not happen before it? Name three.	watching a movie	"PersonX has trouble staying awake. After that, does not usually watching a movie"	FALSE	 Sleepiness usually happens when a person is tired. The answers are: drinking coffee; taking a nap; watching a movie.	0	0	0	0
PersonX rears PersonY's children	NotisBefore	PersonX rears PersonY's children. What does not happen before it? Name three.	childlessness	"PersonX rears PersonY's children. After that, does not usually childlessness"	FALSE	 Rearing children is the process of raising them to adulthood. The answers are: childlessness; divorce; death.	0	0	0	0
PersonX rears PersonY's children	NotisBefore	PersonX rears PersonY's children. What does not happen before it? Name three.	divorce	"PersonX rears PersonY's children. After that, does not usually divorce"	FALSE	 Rearing children is the process of raising them to adulthood. The answers are: childlessness; divorce; death.	0	0	0	0
PersonX rears PersonY's children	NotisBefore	PersonX rears PersonY's children. What does not happen before it? Name three.	death	"PersonX rears PersonY's children. After that, does not usually death"	FALSE	 Rearing children is the process of raising them to adulthood. The answers are: childlessness; divorce; death.	0	0	0	0
PersonX leaves for school	NotisAfter	PersonX leaves for school. What does not happen after it? Name three.	PersonX will not feel happy	"PersonX leaves for school. Before that, it is not needed that PersonX will not feel happy"	FALSE	 PersonX will go to school. The answers are: PersonX will not feel happy;PersonX will not feel satisfied; PersonX will not feel relaxed.	0	0	0	0
PersonX leaves for school	NotisAfter	PersonX leaves for school. What does not happen after it? Name three.	PersonX will not feel satisfied	"PersonX leaves for school. Before that, it is not needed that PersonX will not feel satisfied"	FALSE	 PersonX will go to school. The answers are: PersonX will not feel happy;PersonX will not feel satisfied; PersonX will not feel relaxed.	0	0	0	0
PersonX leaves for school	NotisAfter	PersonX leaves for school. What does not happen after it? Name three.	PersonX will not feel relaxed	"PersonX leaves for school. Before that, it is not needed that PersonX will not feel relaxed"	FALSE	 PersonX will go to school. The answers are: PersonX will not feel happy;PersonX will not feel satisfied; PersonX will not feel relaxed.	0	0	0	0
PersonX visits the zoo	NotisAfter	PersonX visits the zoo. What does not happen after it? Name three.	"After visiting the zoo, PersonX will not be able to see the animals anymore"	"PersonX visits the zoo. Before that, it is not needed that After visiting the zoo, PersonX will not be able to see the animals anymore"	FALSE	" After visiting the zoo, PersonX will not be able to see the animals anymore; PersonX will not be able to touch the animals; and PersonX will not be able to feed the animals."	0	0	0	0
PersonX visits the zoo	NotisAfter	PersonX visits the zoo. What does not happen after it? Name three.	PersonX will not be able to touch the animals	"PersonX visits the zoo. Before that, it is not needed that PersonX will not be able to touch the animals"	FALSE	" After visiting the zoo, PersonX will not be able to see the animals anymore; PersonX will not be able to touch the animals; and PersonX will not be able to feed the animals."	0	0	0	0
PersonX visits the zoo	NotisAfter	PersonX visits the zoo. What does not happen after it? Name three.	and PersonX will not be able to feed the animals	"PersonX visits the zoo. Before that, it is not needed that and PersonX will not be able to feed the animals"	FALSE	" After visiting the zoo, PersonX will not be able to see the animals anymore; PersonX will not be able to touch the animals; and PersonX will not be able to feed the animals."	0	0	0	0
PersonX holds onto nothing	NotisAfter	PersonX holds onto nothing. What does not happen after it? Name three.	getting up	"PersonX holds onto nothing. Before that, it is not needed that getting up"	FALSE	 Holding onto nothing usually results in falling. The answers are: getting up; continuing to hold onto nothing; laughing.	0	0	0	0
PersonX holds onto nothing	NotisAfter	PersonX holds onto nothing. What does not happen after it? Name three.	continuing to hold onto nothing	"PersonX holds onto nothing. Before that, it is not needed that continuing to hold onto nothing"	FALSE	 Holding onto nothing usually results in falling. The answers are: getting up; continuing to hold onto nothing; laughing.	0	0	0	0
PersonX holds onto nothing	NotisAfter	PersonX holds onto nothing. What does not happen after it? Name three.	laughing	"PersonX holds onto nothing. Before that, it is not needed that laughing"	FALSE	 Holding onto nothing usually results in falling. The answers are: getting up; continuing to hold onto nothing; laughing.	0	0	0	0
PersonX summons for jury duty	NotisAfter	PersonX summons for jury duty. What does not happen after it? Name three.	required to serve on a jury	"PersonX summons for jury duty. Before that, it is not needed to be required to serve on a jury."	TRUE	" After being summoned for jury duty, a person is not required to serve on a jury, be paid for their time, or be excused from work."	0	0	0	0
PersonX summons for jury duty	NotisAfter	PersonX summons for jury duty. What does not happen after it? Name three.	be paid for their time	"PersonX summons for jury duty. Before that, it is not needed to be paid for their time."	TRUE	" After being summoned for jury duty, a person is not required to serve on a jury, be paid for their time, or be excused from work."	0	0	0	0
PersonX summons for jury duty	NotisAfter	PersonX summons for jury duty. What does not happen after it? Name three.	be excused from work	"PersonX summons for jury duty. Before that, it is not needed to be excused from work."	TRUE	" After being summoned for jury duty, a person is not required to serve on a jury, be paid for their time, or be excused from work."	0	0	0	0
PersonX pumps iron	NotisAfter	PersonX pumps iron. What does not happen after it? Name three.	a car drives by	"PersonX pumps iron. Before that, it is not needed that a car drives by"	FALSE	" Pushing oneself up from a lying down position using one's arms is called a ""push up."" The answers are: a car drives by; PersonX falls down; PersonX gets a push up."	0	0	0	0
PersonX pumps iron	NotisAfter	PersonX pumps iron. What does not happen after it? Name three.	PersonX falls down	"PersonX pumps iron. Before that, it is not needed that PersonX falls down"	FALSE	" Pushing oneself up from a lying down position using one's arms is called a ""push up."" The answers are: a car drives by; PersonX falls down; PersonX gets a push up."	0	0	0	0
PersonX pumps iron	NotisAfter	PersonX pumps iron. What does not happen after it? Name three.	PersonX gets a push up	"PersonX pumps iron. Before that, it is not needed that PersonX gets a push up"	FALSE	" Pushing oneself up from a lying down position using one's arms is called a ""push up."" The answers are: a car drives by; PersonX falls down; PersonX gets a push up."	0	0	0	0
PersonX has tons of fun	NotisAfter	PersonX has tons of fun. What does not happen after it? Name three.	PersonX does not feel sad	"PersonX has tons of fun. Before that, it is not needed that PersonX does not feel sad"	FALSE	 Tons of fun means having a lot of fun. The answers are: PersonX does not feel sad; PersonX does not feel angry; PersonX does not feel bored.	0	0	0	0
PersonX has tons of fun	NotisAfter	PersonX has tons of fun. What does not happen after it? Name three.	PersonX does not feel angry	"PersonX has tons of fun. Before that, it is not needed that PersonX does not feel angry"	FALSE	 Tons of fun means having a lot of fun. The answers are: PersonX does not feel sad; PersonX does not feel angry; PersonX does not feel bored.	0	0	0	0
PersonX has tons of fun	NotisAfter	PersonX has tons of fun. What does not happen after it? Name three.	PersonX does not feel bored	"PersonX has tons of fun. Before that, it is not needed that PersonX does not feel bored"	FALSE	 Tons of fun means having a lot of fun. The answers are: PersonX does not feel sad; PersonX does not feel angry; PersonX does not feel bored.	0	0	0	0
PersonX imitates PersonY's example	NotisAfter	PersonX imitates PersonY's example. What does not happen after it? Name three.	PersonX is happy	"PersonX imitates PersonY's example. Before that, it is not needed that PersonX is happy"	FALSE	 PersonX is likely to receive the same consequence as PersonY. The answers are: PersonX is happy; PersonX is sad; PersonX is angry.	0	0	0	0
PersonX imitates PersonY's example	NotisAfter	PersonX imitates PersonY's example. What does not happen after it? Name three.	PersonX is sad	"PersonX imitates PersonY's example. Before that, it is not needed that PersonX is sad"	FALSE	 PersonX is likely to receive the same consequence as PersonY. The answers are: PersonX is happy; PersonX is sad; PersonX is angry.	0	0	0	0
PersonX imitates PersonY's example	NotisAfter	PersonX imitates PersonY's example. What does not happen after it? Name three.	PersonX is angry	"PersonX imitates PersonY's example. Before that, it is not needed that PersonX is angry"	FALSE	 PersonX is likely to receive the same consequence as PersonY. The answers are: PersonX is happy; PersonX is sad; PersonX is angry.	0	0	0	0
PersonX invites all PersonX's friends over	NotisAfter	PersonX invites all PersonX's friends over. What does not happen after it? Name three.	PersonX's friends leave	"PersonX invites all PersonX's friends over. Before that, it is not needed that PersonX's friends leave"	FALSE	" After PersonX's friends arrive, PersonX will likely entertain them and show them a good time. The answers are: PersonX's friends leave; PersonX's friends do not arrive; PersonX's friends are not entertained."	0	0	0	0
PersonX invites all PersonX's friends over	NotisAfter	PersonX invites all PersonX's friends over. What does not happen after it? Name three.	PersonX's friends do not arrive	"PersonX invites all PersonX's friends over. Before that, it is not needed that PersonX's friends do not arrive"	FALSE	" After PersonX's friends arrive, PersonX will likely entertain them and show them a good time. The answers are: PersonX's friends leave; PersonX's friends do not arrive; PersonX's friends are not entertained."	0	0	0	0
PersonX invites all PersonX's friends over	NotisAfter	PersonX invites all PersonX's friends over. What does not happen after it? Name three.	PersonX's friends are not entertained	"PersonX invites all PersonX's friends over. Before that, it is not needed that PersonX's friends are not entertained"	FALSE	" After PersonX's friends arrive, PersonX will likely entertain them and show them a good time. The answers are: PersonX's friends leave; PersonX's friends do not arrive; PersonX's friends are not entertained."	0	0	0	0
PersonX wears glasses	NotisAfter	PersonX wears glasses. What does not happen after it? Name three.	headaches	"PersonX wears glasses. Before that, it is not needed that headaches"	FALSE	 Wearing glasses usually improves one's vision. The answers are: headaches; blurry vision; dizziness.	0	0	0	0
PersonX wears glasses	NotisAfter	PersonX wears glasses. What does not happen after it? Name three.	blurry vision	"PersonX wears glasses. Before that, it is not needed that blurry vision"	FALSE	 Wearing glasses usually improves one's vision. The answers are: headaches; blurry vision; dizziness.	0	0	0	0
PersonX wears glasses	NotisAfter	PersonX wears glasses. What does not happen after it? Name three.	dizziness	"PersonX wears glasses. Before that, it is not needed that dizziness"	FALSE	 Wearing glasses usually improves one's vision. The answers are: headaches; blurry vision; dizziness.	0	0	0	0
PersonX sprays by a skunk	NotisAfter	PersonX sprays by a skunk. What does not happen after it? Name three.	happy	"PersonX sprays by a skunk. Before that, it is not needed that happy"	FALSE	" Being sprayed by a skunk usually results in a bad smell, temporary blindness, and sometimes vomiting. The answers are: happy; excited; relieved."	0	0	0	0
PersonX sprays by a skunk	NotisAfter	PersonX sprays by a skunk. What does not happen after it? Name three.	excited	"PersonX sprays by a skunk. Before that, it is not needed that excited"	FALSE	" Being sprayed by a skunk usually results in a bad smell, temporary blindness, and sometimes vomiting. The answers are: happy; excited; relieved."	0	0	0	0
PersonX sprays by a skunk	NotisAfter	PersonX sprays by a skunk. What does not happen after it? Name three.	relieved	"PersonX sprays by a skunk. Before that, it is not needed that relieved"	FALSE	" Being sprayed by a skunk usually results in a bad smell, temporary blindness, and sometimes vomiting. The answers are: happy; excited; relieved."	0	0	0	0
knight	NotAtLocation	Where is the knight not located? Name three.	a rook	You are not likely to find  knight in a rook	FALSE	 A knight is a chess piece. The answers are: a rook; a bishop; a pawn.	0	0	0	0
knight	NotAtLocation	Where is the knight not located? Name three.	a bishop	You are not likely to find  knight in a bishop	FALSE	 A knight is a chess piece. The answers are: a rook; a bishop; a pawn.	0	0	0	0
knight	NotAtLocation	Where is the knight not located? Name three.	a pawn	You are not likely to find  knight in a pawn	FALSE	 A knight is a chess piece. The answers are: a rook; a bishop; a pawn.	0	0	0	0
harmonica	NotAtLocation	Where is the harmonica not located? Name three.	in a piano	You are not likely to find  harmonica in in a piano	FALSE	 The harmonica is a musical instrument. The answers are: in a piano; in an orchestra; in a rock band.	0	0	0	0
harmonica	NotAtLocation	Where is the harmonica not located? Name three.	in an orchestra	You are not likely to find  harmonica in in an orchestra	FALSE	 The harmonica is a musical instrument. The answers are: in a piano; in an orchestra; in a rock band.	0	0	0	0
harmonica	NotAtLocation	Where is the harmonica not located? Name three.	in a rock band	You are not likely to find  harmonica in in a rock band	FALSE	 The harmonica is a musical instrument. The answers are: in a piano; in an orchestra; in a rock band.	0	0	0	0
salt	NotAtLocation	Where is the salt not located? Name three.	in the sea	You are not likely to find  salt in in the sea	FALSE	 The sun is usually located in the sky during the day. The answers are: in the sea; on the table; in the air.	0	0	0	0
salt	NotAtLocation	Where is the salt not located? Name three.	on the table	You are not likely to find  salt in on the table	FALSE	 The sun is usually located in the sky during the day. The answers are: in the sea; on the table; in the air.	0	0	0	0
salt	NotAtLocation	Where is the salt not located? Name three.	in the air	You are not likely to find  salt in in the air	FALSE	 The sun is usually located in the sky during the day. The answers are: in the sea; on the table; in the air.	0	0	0	0
book light	NotAtLocation	Where is the book light not located? Name three.	the wall	You are not likely to find  book light in the wall	FALSE	 The book light is located on the book. The answers are: the wall; the ceiling; under the bed.	0	0	0	0
book light	NotAtLocation	Where is the book light not located? Name three.	the ceiling	You are not likely to find  book light in the ceiling	FALSE	 The book light is located on the book. The answers are: the wall; the ceiling; under the bed.	0	0	0	0
book light	NotAtLocation	Where is the book light not located? Name three.	under the bed	You are not likely to find  book light in under the bed	FALSE	 The book light is located on the book. The answers are: the wall; the ceiling; under the bed.	0	0	0	0
handle	NotAtLocation	Where is the handle not located? Name three.	the top of a toothbrush	You are not likely to find  handle in the top of a toothbrush	FALSE	 The handle is the part of an object that is used to grip it. The answers are: the top of a toothbrush; the bottom of a shoe; inside a book.	0	0	0	0
handle	NotAtLocation	Where is the handle not located? Name three.	the bottom of a shoe	You are not likely to find  handle in the bottom of a shoe	FALSE	 The handle is the part of an object that is used to grip it. The answers are: the top of a toothbrush; the bottom of a shoe; inside a book.	0	0	0	0
handle	NotAtLocation	Where is the handle not located? Name three.	inside a book	You are not likely to find  handle in inside a book	FALSE	 The handle is the part of an object that is used to grip it. The answers are: the top of a toothbrush; the bottom of a shoe; inside a book.	0	0	0	0
dark matter	NotAtLocation	Where is the dark matter not located? Name three.	on the moon	You are not likely to find  dark matter in on the moon	FALSE	 Dark matter is not located on Earth. The answers are: on the moon; in space; in a black hole.	0	0	0	0
dark matter	NotAtLocation	Where is the dark matter not located? Name three.	in space	You are not likely to find  dark matter in in space	FALSE	 Dark matter is not located on Earth. The answers are: on the moon; in space; in a black hole.	0	0	0	0
dark matter	NotAtLocation	Where is the dark matter not located? Name three.	in a black hole	You are not likely to find  dark matter in in a black hole	FALSE	 Dark matter is not located on Earth. The answers are: on the moon; in space; in a black hole.	0	0	0	0
indian ocean	NotAtLocation	Where is the indian ocean not located? Name three.	North America	You are not likely to find  indian ocean in North America	FALSE	 The Indian Ocean is located between Asia and Africa. The answers are: North America; South America; Antarctica.	0	0	0	0
indian ocean	NotAtLocation	Where is the indian ocean not located? Name three.	South America	You are not likely to find  indian ocean in South America	FALSE	 The Indian Ocean is located between Asia and Africa. The answers are: North America; South America; Antarctica.	0	0	0	0
indian ocean	NotAtLocation	Where is the indian ocean not located? Name three.	Antarctica	You are not likely to find  indian ocean in Antarctica	FALSE	 The Indian Ocean is located between Asia and Africa. The answers are: North America; South America; Antarctica.	0	0	0	0
large container	NotAtLocation	Where is the large container not located? Name three.	small	You are not likely to find  large container in small	FALSE	 A large container can be located indoors or outdoors. The answers are: small; cramped; uncomfortable.	0	0	0	0
large container	NotAtLocation	Where is the large container not located? Name three.	cramped	You are not likely to find  large container in cramped	FALSE	 A large container can be located indoors or outdoors. The answers are: small; cramped; uncomfortable.	0	0	0	0
large container	NotAtLocation	Where is the large container not located? Name three.	uncomfortable	You are not likely to find  large container in uncomfortable	FALSE	 A large container can be located indoors or outdoors. The answers are: small; cramped; uncomfortable.	0	0	0	0
lacebug	NotAtLocation	Where is the lacebug not located? Name three.	on the ground	You are not likely to find  lacebug in on the ground	FALSE	" Lacebugs are small, black insects that feed on the leaves of plants. The answers are: on the ground; in the air; on a person."	0	0	0	0
lacebug	NotAtLocation	Where is the lacebug not located? Name three.	in the air	You are not likely to find  lacebug in in the air	FALSE	" Lacebugs are small, black insects that feed on the leaves of plants. The answers are: on the ground; in the air; on a person."	0	0	0	0
lacebug	NotAtLocation	Where is the lacebug not located? Name three.	on a person	You are not likely to find  lacebug in on a person	FALSE	" Lacebugs are small, black insects that feed on the leaves of plants. The answers are: on the ground; in the air; on a person."	0	0	0	0
cpu	NotAtLocation	Where is the cpu not located? Name three.	in the monitor	You are not likely to find  cpu in in the monitor	FALSE	 The CPU is the central processing unit of a computer. It is typically located on the motherboard. The answers are: in the monitor; in the keyboard; in the mouse.	0	0	0	0
cpu	NotAtLocation	Where is the cpu not located? Name three.	in the keyboard	You are not likely to find  cpu in in the keyboard	FALSE	 The CPU is the central processing unit of a computer. It is typically located on the motherboard. The answers are: in the monitor; in the keyboard; in the mouse.	0	0	0	0
cpu	NotAtLocation	Where is the cpu not located? Name three.	in the mouse	You are not likely to find  cpu in in the mouse	FALSE	 The CPU is the central processing unit of a computer. It is typically located on the motherboard. The answers are: in the monitor; in the keyboard; in the mouse.	0	0	0	0
get old	NotHasSubEvent	get old. What you will not do while: get old? Name three.	party all night	"While getting old, you would not party all night"	FALSE	 The answers are: party all night; run a marathon; stay up all night.	0	0	0	0
get old	NotHasSubEvent	get old. What you will not do while: get old? Name three.	run a marathon	"While getting old, you would not run a marathon"	FALSE	 The answers are: party all night; run a marathon; stay up all night.	0	0	0	0
get old	NotHasSubEvent	get old. What you will not do while: get old? Name three.	stay up all night	"While getting old, you would not stay up all night"	FALSE	 The answers are: party all night; run a marathon; stay up all night.	0	0	0	0
get in line	NotHasSubEvent	get in line. What you will not do while: get in line? Name three.	bypass	"While getting in line, you would not bypass"	FALSE	" When one gets in line, they usually queue up in an orderly fashion and wait their turn. The answers are: bypass; cut; push."	0	0	0	0
get in line	NotHasSubEvent	get in line. What you will not do while: get in line? Name three.	cut	"While getting in line, you would not cut"	FALSE	" When one gets in line, they usually queue up in an orderly fashion and wait their turn. The answers are: bypass; cut; push."	0	0	0	0
get in line	NotHasSubEvent	get in line. What you will not do while: get in line? Name three.	push	"While getting in line, you would not push"	FALSE	" When one gets in line, they usually queue up in an orderly fashion and wait their turn. The answers are: bypass; cut; push."	0	0	0	0
comfort	NotHasSubEvent	comfort. What you will not do while: comfort? Name three.	sad	"While comfort, you would not sad"	FALSE	 The act of comfort is to make someone feel better after they have experienced something bad. The answers are: sad; angry; upset.	0	0	0	0
comfort	NotHasSubEvent	comfort. What you will not do while: comfort? Name three.	angry	"While comfort, you would not angry"	FALSE	 The act of comfort is to make someone feel better after they have experienced something bad. The answers are: sad; angry; upset.	0	0	0	0
comfort	NotHasSubEvent	comfort. What you will not do while: comfort? Name three.	upset	"While comfort, you would not upset"	FALSE	 The act of comfort is to make someone feel better after they have experienced something bad. The answers are: sad; angry; upset.	0	0	0	0
gargle	NotHasSubEvent	gargle. What you will not do while: gargle? Name three.	talk	"While gargle, you would not talk"	FALSE	 Gargling is a way to clean one's mouth or throat. The answers are: talk; eat; drink.	0	0	0	0
gargle	NotHasSubEvent	gargle. What you will not do while: gargle? Name three.	eat	"While gargle, you would not eat"	FALSE	 Gargling is a way to clean one's mouth or throat. The answers are: talk; eat; drink.	0	0	0	0
gargle	NotHasSubEvent	gargle. What you will not do while: gargle? Name three.	drink	"While gargle, you would not drink"	FALSE	 Gargling is a way to clean one's mouth or throat. The answers are: talk; eat; drink.	0	0	0	0
drink	NotHasSubEvent	drink. What you will not do while: drink? Name three.	drive	"While drinking, you would not drive"	FALSE	 Drinking usually refers to consuming alcohol. The answers are: drive; operate heavy machinery; make important decisions.	0	0	0	0
drink	NotHasSubEvent	drink. What you will not do while: drink? Name three.	operate heavy machinery	"While drinking, you would not operate heavy machinery"	FALSE	 Drinking usually refers to consuming alcohol. The answers are: drive; operate heavy machinery; make important decisions.	0	0	0	0
drink	NotHasSubEvent	drink. What you will not do while: drink? Name three.	make important decisions	"While drinking, you would not make important decisions"	FALSE	 Drinking usually refers to consuming alcohol. The answers are: drive; operate heavy machinery; make important decisions.	0	0	0	0
love another	NotHasSubEvent	love another. What you will not do while: love another? Name three.	cry	"While loving another, you would not cry"	FALSE	" The act of loving another usually includes feeling happy, content, and fulfilled. The answers are: cry; be angry; be jealous."	0	0	0	0
love another	NotHasSubEvent	love another. What you will not do while: love another? Name three.	be angry	"While loving another, you would not be angry"	FALSE	" The act of loving another usually includes feeling happy, content, and fulfilled. The answers are: cry; be angry; be jealous."	0	0	0	0
love another	NotHasSubEvent	love another. What you will not do while: love another? Name three.	be jealous	"While loving another, you would not be jealous"	FALSE	" The act of loving another usually includes feeling happy, content, and fulfilled. The answers are: cry; be angry; be jealous."	0	0	0	0
give assistance	NotHasSubEvent	give assistance. What you will not do while: give assistance? Name three.	sleep	"While giving assistance, you would not sleep"	FALSE	 Giving assistance means to help someone. The answers are: sleep; watch tv; talk on the phone.	0	0	0	0
give assistance	NotHasSubEvent	give assistance. What you will not do while: give assistance? Name three.	watch tv	"While giving assistance, you would not watch tv"	FALSE	 Giving assistance means to help someone. The answers are: sleep; watch tv; talk on the phone.	0	0	0	0
give assistance	NotHasSubEvent	give assistance. What you will not do while: give assistance? Name three.	talk on the phone	"While giving assistance, you would not talk on the phone"	FALSE	 Giving assistance means to help someone. The answers are: sleep; watch tv; talk on the phone.	0	0	0	0
stay in bed	NotHasSubEvent	stay in bed. What you will not do while: stay in bed? Name three.	work	"While staying in bed, you would not work"	FALSE	 One will not be productive while staying in bed. The answers are: work; exercise; cook.	0	0	0	0
stay in bed	NotHasSubEvent	stay in bed. What you will not do while: stay in bed? Name three.	exercise	"While staying in bed, you would not exercise"	FALSE	 One will not be productive while staying in bed. The answers are: work; exercise; cook.	0	0	0	0
stay in bed	NotHasSubEvent	stay in bed. What you will not do while: stay in bed? Name three.	cook	"While staying in bed, you would not cook"	FALSE	 One will not be productive while staying in bed. The answers are: work; exercise; cook.	0	0	0	0
interfere	NotHasSubEvent	interfere. What you will not do while: interfere? Name three.	sleep	"While interfering, you would not sleep"	FALSE	 To interfere is to get in the way of or to become involved in something without being invited or wanted. The answers are: sleep; work; watch tv.	0	0	0	0
interfere	NotHasSubEvent	interfere. What you will not do while: interfere? Name three.	work	"While interfering, you would not work"	FALSE	 To interfere is to get in the way of or to become involved in something without being invited or wanted. The answers are: sleep; work; watch tv.	0	0	0	0
interfere	NotHasSubEvent	interfere. What you will not do while: interfere? Name three.	watch tv	"While interfering, you would not watch tv"	FALSE	 To interfere is to get in the way of or to become involved in something without being invited or wanted. The answers are: sleep; work; watch tv.	0	0	0	0
play chess	NotHasSubEvent	play chess. What you will not do while: play chess? Name three.	talk	"While playing chess, you would not talk"	FALSE	 Playing chess requires focus and concentration. The answers are: talk; listen to music; watch television.	0	0	0	0
play chess	NotHasSubEvent	play chess. What you will not do while: play chess? Name three.	listen to music	"While playing chess, you would not listen to music"	FALSE	 Playing chess requires focus and concentration. The answers are: talk; listen to music; watch television.	0	0	0	0
play chess	NotHasSubEvent	play chess. What you will not do while: play chess? Name three.	watch television	"While playing chess, you would not watch television"	FALSE	 Playing chess requires focus and concentration. The answers are: talk; listen to music; watch television.	0	0	0	0