head	flagged_answer	relation	prompt	generated_tail	full_text	raw_answer	review_1	review_2	review_3	review	majority_vote	absolute_majority_vote
PersonX gets a part time job	False	NotxWant	PersonX gets a part time job. What does PersonX not want to do? Name three.	not work	PersonX gets a part time job. After, PersonX will not want to not work	 PersonX wants to work and get paid. The answers are: not work; not get paid; work and not get paid.	1	1	2	1	1	1
PersonX gets a part time job	False	NotxWant	PersonX gets a part time job. What does PersonX not want to do? Name three.	not get paid	PersonX gets a part time job. After, PersonX will not want to not get paid	 PersonX wants to work and get paid. The answers are: not work; not get paid; work and not get paid.	1	3	5	3	3	0
PersonX gets a part time job	True	NotxWant	PersonX gets a part time job. What does PersonX not want to do? Name three.	work and not get paid	PersonX gets a part time job. After, PersonX will not want to work and not get paid	 PersonX wants to work and get paid. The answers are: not work; not get paid; work and not get paid.	4	4	4	4	4	4
PersonX sees wood	True	NotxWant	PersonX sees wood. What does PersonX not want to do? Name three.	 Look at the answers to the previous question.		 Look at the answers to the previous question.	4	4	4	4	4	4
PersonX sees wood	True	NotxWant	PersonX sees wood. What does PersonX not want to do? Name three.	 Look at the answers to the previous question.		 Look at the answers to the previous question.	4	4	4	4	4	4
PersonX sees wood	True	NotxWant	PersonX sees wood. What does PersonX not want to do? Name three.	 Look at the answers to the previous question.		 Look at the answers to the previous question.	4	4	4	4	4	4
PersonX turns PersonX's music down	False	NotxWant	PersonX turns PersonX's music down. What does PersonX not want to do? Name three.	hear the music	PersonX turns PersonX's music down. After, PersonX will not want to hear the music	 By turning their music down, PersonX is indicating that they do not want to listen to it loudly. The answers are: hear the music; feel the music; be disturbed by the music.	2	1	1	1	1	1
PersonX turns PersonX's music down	False	NotxWant	PersonX turns PersonX's music down. What does PersonX not want to do? Name three.	feel the music	PersonX turns PersonX's music down. After, PersonX will not want to feel the music	 By turning their music down, PersonX is indicating that they do not want to listen to it loudly. The answers are: hear the music; feel the music; be disturbed by the music.	1	4	1	1	1	1
PersonX turns PersonX's music down	False	NotxWant	PersonX turns PersonX's music down. What does PersonX not want to do? Name three.	be disturbed by the music	PersonX turns PersonX's music down. After, PersonX will not want to be disturbed by the music	 By turning their music down, PersonX is indicating that they do not want to listen to it loudly. The answers are: hear the music; feel the music; be disturbed by the music.	1	1	2	3	1	1
PersonX is coming to an end	False	NotxWant	PersonX is coming to an end. What does PersonX not want to do? Name three.	continue living	PersonX is coming to an end. After, PersonX will not want to continue living	 As PersonX is coming to an end, PersonX may not want to: continue living; experience more pain; be forgotten.	3	2	4	3	3	3
PersonX is coming to an end	False	NotxWant	PersonX is coming to an end. What does PersonX not want to do? Name three.	experience more pain	PersonX is coming to an end. After, PersonX will not want to experience more pain	 As PersonX is coming to an end, PersonX may not want to: continue living; experience more pain; be forgotten.	4	2	2	3	2	2
PersonX is coming to an end	False	NotxWant	PersonX is coming to an end. What does PersonX not want to do? Name three.	be forgotten	PersonX is coming to an end. After, PersonX will not want to be forgotten	 As PersonX is coming to an end, PersonX may not want to: continue living; experience more pain; be forgotten.	1	1	5	4	1	1
PersonX touches PersonY's skin	False	NotxWant	PersonX touches PersonY's skin. What does PersonX not want to do? Name three.	punch	PersonX touches PersonY's skin. After, PersonX will not want to punch	 Touching someone's skin usually implies wanting to feel close to them or wanting to feel their warmth. The answers are: punch; slap; tickle.	1	1	2	1	1	1
PersonX touches PersonY's skin	False	NotxWant	PersonX touches PersonY's skin. What does PersonX not want to do? Name three.	slap	PersonX touches PersonY's skin. After, PersonX will not want to slap	 Touching someone's skin usually implies wanting to feel close to them or wanting to feel their warmth. The answers are: punch; slap; tickle.	1	4	2	2	1	1
PersonX touches PersonY's skin	False	NotxWant	PersonX touches PersonY's skin. What does PersonX not want to do? Name three.	tickle	PersonX touches PersonY's skin. After, PersonX will not want to tickle	 Touching someone's skin usually implies wanting to feel close to them or wanting to feel their warmth. The answers are: punch; slap; tickle.	3	1	4	3	3	3
PersonX is PersonY's mother	False	NotxWant	PersonX is PersonY's mother. What does PersonX not want to do? Name three.	harm	PersonX is PersonY's mother. After, PersonX will not want to harm	 A mother's love for her child is typically unconditional. The answers are: harm; ignore; neglect.	5	5	4	5	5	5
PersonX is PersonY's mother	False	NotxWant	PersonX is PersonY's mother. What does PersonX not want to do? Name three.	ignore	PersonX is PersonY's mother. After, PersonX will not want to ignore	 A mother's love for her child is typically unconditional. The answers are: harm; ignore; neglect.	2	5	4	3	3	0
PersonX is PersonY's mother	False	NotxWant	PersonX is PersonY's mother. What does PersonX not want to do? Name three.	neglect	PersonX is PersonY's mother. After, PersonX will not want to neglect	 A mother's love for her child is typically unconditional. The answers are: harm; ignore; neglect.	1	5	3	3	3	0
PersonX can not believe PersonX's eyes	False	NotxWant	PersonX can not believe PersonX's eyes. What does PersonX not want to do? Name three.	blink	PersonX can not believe PersonX's eyes. After, PersonX will not want to blink	 The person doesn't want to close their eyes, as they can't believe what they are seeing. The answers are: blink; turn away; fall asleep.	1	1	2	1	1	1
PersonX can not believe PersonX's eyes	False	NotxWant	PersonX can not believe PersonX's eyes. What does PersonX not want to do? Name three.	turn away	PersonX can not believe PersonX's eyes. After, PersonX will not want to turn away	 The person doesn't want to close their eyes, as they can't believe what they are seeing. The answers are: blink; turn away; fall asleep.	4	1	1	1	1	1
PersonX can not believe PersonX's eyes	False	NotxWant	PersonX can not believe PersonX's eyes. What does PersonX not want to do? Name three.	fall asleep	PersonX can not believe PersonX's eyes. After, PersonX will not want to fall asleep	 The person doesn't want to close their eyes, as they can't believe what they are seeing. The answers are: blink; turn away; fall asleep.	2	3	3	2	3	3
PersonX catches the bus to work	False	NotxWant	PersonX catches the bus to work. What does PersonX not want to do? Name three.	go home	PersonX catches the bus to work. After, PersonX will not want to go home	 Catching the bus usually means that one is going to work. The answers are: go home; sleep; eat.	2	4	3	4	3	3
PersonX catches the bus to work	False	NotxWant	PersonX catches the bus to work. What does PersonX not want to do? Name three.	sleep	PersonX catches the bus to work. After, PersonX will not want to sleep	 Catching the bus usually means that one is going to work. The answers are: go home; sleep; eat.	4	4	1	4	4	4
PersonX catches the bus to work	False	NotxWant	PersonX catches the bus to work. What does PersonX not want to do? Name three.	eat	PersonX catches the bus to work. After, PersonX will not want to eat	 Catching the bus usually means that one is going to work. The answers are: go home; sleep; eat.	1	4	1	1	1	1
PersonX wears gloves	False	NotxWant	PersonX wears gloves. What does PersonX not want to do? Name three.	shake someone's hand	PersonX wears gloves. After, PersonX will not want to shake someone's hand	 When one wears gloves, they are typically trying to avoid getting their hands dirty or coming into contact with something that might cause them harm. The answers are: shake someone's hand; touch something hot; touch something cold.	2	4	2	4	2	2
PersonX wears gloves	False	NotxWant	PersonX wears gloves. What does PersonX not want to do? Name three.	touch something hot	PersonX wears gloves. After, PersonX will not want to touch something hot	 When one wears gloves, they are typically trying to avoid getting their hands dirty or coming into contact with something that might cause them harm. The answers are: shake someone's hand; touch something hot; touch something cold.	2	2	2	2	2	2
PersonX wears gloves	False	NotxWant	PersonX wears gloves. What does PersonX not want to do? Name three.	touch something cold	PersonX wears gloves. After, PersonX will not want to touch something cold	 When one wears gloves, they are typically trying to avoid getting their hands dirty or coming into contact with something that might cause them harm. The answers are: shake someone's hand; touch something hot; touch something cold.	2	4	1	1	1	1
PersonX operates in PersonY environment	False	NotxWant	PersonX operates in PersonY environment. What does PersonX not want to do? Name three.	get lost	PersonX operates in PersonY environment. After, PersonX will not want to get lost	 PersonX wants to be efficient and not make mistakes. The answers are: get lost; be confused; be late.	2	1	1	2	1	1
PersonX operates in PersonY environment	False	NotxWant	PersonX operates in PersonY environment. What does PersonX not want to do? Name three.	be confused	PersonX operates in PersonY environment. After, PersonX will not want to be confused	 PersonX wants to be efficient and not make mistakes. The answers are: get lost; be confused; be late.	4	1	2	2	1	1
PersonX operates in PersonY environment	False	NotxWant	PersonX operates in PersonY environment. What does PersonX not want to do? Name three.	be late	PersonX operates in PersonY environment. After, PersonX will not want to be late	 PersonX wants to be efficient and not make mistakes. The answers are: get lost; be confused; be late.	3	4	2	4	3	3
PersonX sees PersonY's crush	False	NotxReact	PersonX sees PersonY's crush. What does PersonX not feel about it? Name three.	angry	PersonX sees PersonY's crush. PersonX will not be angry	 PersonX might feel happy for PersonY, orPersonX might feel jealous of PersonY. The answers are: angry; frustrated; sad.	3	2	4	4	3	3
PersonX sees PersonY's crush	False	NotxReact	PersonX sees PersonY's crush. What does PersonX not feel about it? Name three.	frustrated	PersonX sees PersonY's crush. PersonX will not be frustrated	 PersonX might feel happy for PersonY, orPersonX might feel jealous of PersonY. The answers are: angry; frustrated; sad.	2	1	4	2	1	1
PersonX sees PersonY's crush	False	NotxReact	PersonX sees PersonY's crush. What does PersonX not feel about it? Name three.	sad	PersonX sees PersonY's crush. PersonX will not be sad	 PersonX might feel happy for PersonY, orPersonX might feel jealous of PersonY. The answers are: angry; frustrated; sad.	1	1	2	1	1	1
PersonX watches PersonX's mouth	False	NotxReact	PersonX watches PersonX's mouth. What does PersonX not feel about it? Name three.	happy	PersonX watches PersonX's mouth. PersonX will not be happy	 By looking at one's own mouth, PersonX is monitoring their oral health. The answers are: happy; amused; content.	1	3	2	3	1	1
PersonX watches PersonX's mouth	False	NotxReact	PersonX watches PersonX's mouth. What does PersonX not feel about it? Name three.	amused	PersonX watches PersonX's mouth. PersonX will not be amused	 By looking at one's own mouth, PersonX is monitoring their oral health. The answers are: happy; amused; content.	3	1	1	1	1	1
PersonX watches PersonX's mouth	False	NotxReact	PersonX watches PersonX's mouth. What does PersonX not feel about it? Name three.	content	PersonX watches PersonX's mouth. PersonX will not be content	 By looking at one's own mouth, PersonX is monitoring their oral health. The answers are: happy; amused; content.	1	2	2	2	2	2
PersonX moves past PersonY	False	NotxReact	PersonX moves past PersonY. What does PersonX not feel about it? Name three.	sad	PersonX moves past PersonY. PersonX will not be sad.	 PersonX does not feel sad, alone, or rejected when they move past PersonY.	2	2	1	2	2	2
PersonX moves past PersonY	False	NotxReact	PersonX moves past PersonY. What does PersonX not feel about it? Name three.	alone	PersonX moves past PersonY. PersonX will not be alone.	 PersonX does not feel sad, alone, or rejected when they move past PersonY.	3	5	3	3	3	3
PersonX moves past PersonY	False	NotxReact	PersonX moves past PersonY. What does PersonX not feel about it? Name three.	rejected	PersonX moves past PersonY. PersonX will not be rejected.	 PersonX does not feel sad, alone, or rejected when they move past PersonY.	1	1	4	1	1	1
PersonX denies PersonY's existence	False	NotxReact	PersonX denies PersonY's existence. What does PersonX not feel about it? Name three.	happy	PersonX denies PersonY's existence. PersonX will not be happy	 By denying PersonY's existence, PersonX is saying that PersonY has no importance. The answers are: happy; satisfied; relaxed.	2	2	3	1	2	2
PersonX denies PersonY's existence	False	NotxReact	PersonX denies PersonY's existence. What does PersonX not feel about it? Name three.	satisfied	PersonX denies PersonY's existence. PersonX will not be satisfied	 By denying PersonY's existence, PersonX is saying that PersonY has no importance. The answers are: happy; satisfied; relaxed.	2	3	2	1	2	2
PersonX denies PersonY's existence	False	NotxReact	PersonX denies PersonY's existence. What does PersonX not feel about it? Name three.	relaxed	PersonX denies PersonY's existence. PersonX will not be relaxed	 By denying PersonY's existence, PersonX is saying that PersonY has no importance. The answers are: happy; satisfied; relaxed.	2	4	3	2	3	3
PersonX never been to one	False	NotxReact	PersonX never been to one. What does PersonX not feel about it? Name three.	happy	PersonX never been to one. PersonX will not be happy	 personX has not been to a country. The answers are: happy; excited; curious.	2	3	3	3	3	3
PersonX never been to one	False	NotxReact	PersonX never been to one. What does PersonX not feel about it? Name three.	excited	PersonX never been to one. PersonX will not be excited	 personX has not been to a country. The answers are: happy; excited; curious.	2	3	1	3	1	1
PersonX never been to one	False	NotxReact	PersonX never been to one. What does PersonX not feel about it? Name three.	curious	PersonX never been to one. PersonX will not be curious	 personX has not been to a country. The answers are: happy; excited; curious.	3	3	3	3	3	3
PersonX hits PersonY's friend	False	NotxReact	PersonX hits PersonY's friend. What does PersonX not feel about it? Name three.	happy	PersonX hits PersonY's friend. PersonX will not be happy	 Hitting a friend's friend usually results in feeling guilty, apologetic, and sometimes regretful. The answers are: happy; amused; proud.	1	2	1	4	1	1
PersonX hits PersonY's friend	False	NotxReact	PersonX hits PersonY's friend. What does PersonX not feel about it? Name three.	amused	PersonX hits PersonY's friend. PersonX will not be amused	 Hitting a friend's friend usually results in feeling guilty, apologetic, and sometimes regretful. The answers are: happy; amused; proud.	1	1	2	1	1	1
PersonX hits PersonY's friend	False	NotxReact	PersonX hits PersonY's friend. What does PersonX not feel about it? Name three.	proud	PersonX hits PersonY's friend. PersonX will not be proud	 Hitting a friend's friend usually results in feeling guilty, apologetic, and sometimes regretful. The answers are: happy; amused; proud.	2	2	4	2	2	2
PersonX sends PersonY to the showers	False	NotxReact	PersonX sends PersonY to the showers. What does PersonX not feel about it? Name three.	happy	PersonX sends PersonY to the showers. PersonX will not be happy	 When PersonX sends PersonY to the showers, PersonX is likely mad or angry at PersonY. The answers are: happy; amused; content.	2	4	2	2	2	2
PersonX sends PersonY to the showers	False	NotxReact	PersonX sends PersonY to the showers. What does PersonX not feel about it? Name three.	amused	PersonX sends PersonY to the showers. PersonX will not be amused	 When PersonX sends PersonY to the showers, PersonX is likely mad or angry at PersonY. The answers are: happy; amused; content.	1	1	1	1	1	1
PersonX sends PersonY to the showers	False	NotxReact	PersonX sends PersonY to the showers. What does PersonX not feel about it? Name three.	content	PersonX sends PersonY to the showers. PersonX will not be content	 When PersonX sends PersonY to the showers, PersonX is likely mad or angry at PersonY. The answers are: happy; amused; content.	3	3	4	3	3	3
PersonX fudges the issue	False	NotxReact	PersonX fudges the issue. What does PersonX not feel about it? Name three.	proud	PersonX fudges the issue. PersonX will not be proud	 Fudging the issue means to avoid giving a direct answer to a question. The answers are: proud; happy; fulfilled.	2	1	3	3	1	1
PersonX fudges the issue	False	NotxReact	PersonX fudges the issue. What does PersonX not feel about it? Name three.	happy	PersonX fudges the issue. PersonX will not be happy	 Fudging the issue means to avoid giving a direct answer to a question. The answers are: proud; happy; fulfilled.	2	3	2	2	2	2
PersonX fudges the issue	False	NotxReact	PersonX fudges the issue. What does PersonX not feel about it? Name three.	fulfilled	PersonX fudges the issue. PersonX will not be fulfilled	 Fudging the issue means to avoid giving a direct answer to a question. The answers are: proud; happy; fulfilled.	1	2	5	3	1	1
PersonX contains PersonY number	False	NotxReact	PersonX contains PersonY number. What does PersonX not feel about it? Name three.	sad	PersonX contains PersonY number. PersonX will not be sad	 Containing someone's phone number usually means that person wants to keep in touch with that person. The answers are: sad; angry; frustrated.	1	3	2	1	1	1
PersonX contains PersonY number	False	NotxReact	PersonX contains PersonY number. What does PersonX not feel about it? Name three.	angry	PersonX contains PersonY number. PersonX will not be angry	 Containing someone's phone number usually means that person wants to keep in touch with that person. The answers are: sad; angry; frustrated.	3	1	2	2	1	1
PersonX contains PersonY number	False	NotxReact	PersonX contains PersonY number. What does PersonX not feel about it? Name three.	frustrated	PersonX contains PersonY number. PersonX will not be frustrated	 Containing someone's phone number usually means that person wants to keep in touch with that person. The answers are: sad; angry; frustrated.	3	1	2	1	1	1
PersonX breaks PersonX's hip	False	NotxReact	PersonX breaks PersonX's hip. What does PersonX not feel about it? Name three.	happy	PersonX breaks PersonX's hip. PersonX will not be happy	 A broken hip is a serious injury that is often accompanied by pain, disability, and a long recovery process. The answers are: happy; satisfied; relaxed.	1	3	3	3	3	3
PersonX breaks PersonX's hip	False	NotxReact	PersonX breaks PersonX's hip. What does PersonX not feel about it? Name three.	satisfied	PersonX breaks PersonX's hip. PersonX will not be satisfied	 A broken hip is a serious injury that is often accompanied by pain, disability, and a long recovery process. The answers are: happy; satisfied; relaxed.	1	2	1	2	1	1
PersonX breaks PersonX's hip	False	NotxReact	PersonX breaks PersonX's hip. What does PersonX not feel about it? Name three.	relaxed	PersonX breaks PersonX's hip. PersonX will not be relaxed	 A broken hip is a serious injury that is often accompanied by pain, disability, and a long recovery process. The answers are: happy; satisfied; relaxed.	4	1	1	1	1	1
PersonX loves riding PersonX's bike	True	NotoWant	PersonX loves riding PersonX's bike. What does PersonY not want to do? Name three.	not want to ride a bike	PersonX loves riding PersonX's bike. After, others not want to ride a bike.	 PersonY may not want to ride a bike because they are tired, it is raining, or they do not know how.	2	3	3	3	3	3
PersonX loves riding PersonX's bike	True	NotoWant	PersonX loves riding PersonX's bike. What does PersonY not want to do? Name three.	not want to ride a bike	PersonX loves riding PersonX's bike. After, others not want to ride a bike.	 PersonY may not want to ride a bike because they are tired, it is raining, or they do not know how.	1	2	2	1	2	2
PersonX loves riding PersonX's bike	True	NotoWant	PersonX loves riding PersonX's bike. What does PersonY not want to do? Name three.	not want to ride a bike	PersonX loves riding PersonX's bike. After, others not want to ride a bike.	 PersonY may not want to ride a bike because they are tired, it is raining, or they do not know how.	3	2	2	3	2	2
PersonX is making a cake	False	NotoWant	PersonX is making a cake. What does PersonY not want to do? Name three.	happy	PersonX is making a cake. After, others will not want to happy	 PersonY does not want to put any effort into helping PersonX make the cake. The answers are: happy; excited; grateful.	2	4	4	2	4	4
PersonX is making a cake	False	NotoWant	PersonX is making a cake. What does PersonY not want to do? Name three.	excited	PersonX is making a cake. After, others will not want to excited	 PersonY does not want to put any effort into helping PersonX make the cake. The answers are: happy; excited; grateful.	1	1	2	1	1	1
PersonX is making a cake	False	NotoWant	PersonX is making a cake. What does PersonY not want to do? Name three.	grateful	PersonX is making a cake. After, others will not want to grateful	 PersonY does not want to put any effort into helping PersonX make the cake. The answers are: happy; excited; grateful.	1	5	1	2	1	1
PersonX wins money	False	NotoWant	PersonX wins money. What does PersonY not want to do? Name three.	give money to PersonX	PersonX wins money. After, others will not want to give money to PersonX	 PersonY may feel happy for PersonX, but PersonY does not want to: give money to PersonX; spend money on PersonX; or feel envious of PersonX.	2	1	3	3	1	1
PersonX wins money	False	NotoWant	PersonX wins money. What does PersonY not want to do? Name three.	spend money on PersonX	PersonX wins money. After, others will not want to spend money on PersonX	 PersonY may feel happy for PersonX, but PersonY does not want to: give money to PersonX; spend money on PersonX; or feel envious of PersonX.	2	2	2	2	2	2
PersonX wins money	False	NotoWant	PersonX wins money. What does PersonY not want to do? Name three.	or feel envious of PersonX	PersonX wins money. After, others will not want to or feel envious of PersonX	 PersonY may feel happy for PersonX, but PersonY does not want to: give money to PersonX; spend money on PersonX; or feel envious of PersonX.	3	2	3	2	3	3
PersonX escorts PersonY back	False	NotoWant	PersonX escorts PersonY back. What does PersonY not want to do? Name three.	stay	PersonX escorts PersonY back. After, others will not want to stay	 By escorting PersonY back, PersonX is offering to help PersonY return to their original destination. The answers are: stay; continue walking; go alone.	2	4	1	1	1	1
PersonX escorts PersonY back	False	NotoWant	PersonX escorts PersonY back. What does PersonY not want to do? Name three.	continue walking	PersonX escorts PersonY back. After, others will not want to continue walking	 By escorting PersonY back, PersonX is offering to help PersonY return to their original destination. The answers are: stay; continue walking; go alone.	1	1	1	1	1	1
PersonX escorts PersonY back	False	NotoWant	PersonX escorts PersonY back. What does PersonY not want to do? Name three.	go alone	PersonX escorts PersonY back. After, others will not want to go alone	 By escorting PersonY back, PersonX is offering to help PersonY return to their original destination. The answers are: stay; continue walking; go alone.	2	4	4	1	4	4
PersonX wraps PersonY's hand	False	NotoWant	PersonX wraps PersonY's hand. What does PersonY not want to do? Name three.	move the hand	PersonX wraps PersonY's hand. After, others will not want to move the hand	 Cutting one's hand usually results in pain, bleeding, and sometimes infection. The answers are: move the hand; use the hand; put pressure on the hand.	2	3	1	3	1	1
PersonX wraps PersonY's hand	False	NotoWant	PersonX wraps PersonY's hand. What does PersonY not want to do? Name three.	use the hand	PersonX wraps PersonY's hand. After, others will not want to use the hand	 Cutting one's hand usually results in pain, bleeding, and sometimes infection. The answers are: move the hand; use the hand; put pressure on the hand.	3	2	4	4	3	3
PersonX wraps PersonY's hand	False	NotoWant	PersonX wraps PersonY's hand. What does PersonY not want to do? Name three.	put pressure on the hand	PersonX wraps PersonY's hand. After, others will not want to put pressure on the hand	 Cutting one's hand usually results in pain, bleeding, and sometimes infection. The answers are: move the hand; use the hand; put pressure on the hand.	1	1	5	1	1	1
PersonX falls on PersonY	False	NotoWant	PersonX falls on PersonY. What does PersonY not want to do? Name three.	scream	PersonX falls on PersonY. After, others will not want to scream	 PersonX falling on PersonY usually results in PersonY being hurt. The answers are: scream; hit PersonX; get up.	1	5	2	1	1	1
PersonX falls on PersonY	False	NotoWant	PersonX falls on PersonY. What does PersonY not want to do? Name three.	hit PersonX	PersonX falls on PersonY. After, others will not want to hit PersonX	 PersonX falling on PersonY usually results in PersonY being hurt. The answers are: scream; hit PersonX; get up.	4	2	4	3	4	4
PersonX falls on PersonY	False	NotoWant	PersonX falls on PersonY. What does PersonY not want to do? Name three.	get up	PersonX falls on PersonY. After, others will not want to get up	 PersonX falling on PersonY usually results in PersonY being hurt. The answers are: scream; hit PersonX; get up.	2	2	2	1	2	2
PersonX throws some bread	False	NotoWant	PersonX throws some bread. What does PersonY not want to do? Name three.	be hit by the bread	PersonX throws some bread. After, others will not want to be hit by the bread	 PersonX throws some bread. PersonY doesn't want to: be hit by the bread; have the bread land on them; or eat the bread.	2	2	4	1	2	2
PersonX throws some bread	False	NotoWant	PersonX throws some bread. What does PersonY not want to do? Name three.	have the bread land on them	PersonX throws some bread. After, others will not want to have the bread land on them	 PersonX throws some bread. PersonY doesn't want to: be hit by the bread; have the bread land on them; or eat the bread.	2	1	2	2	2	2
PersonX throws some bread	False	NotoWant	PersonX throws some bread. What does PersonY not want to do? Name three.	or eat the bread	PersonX throws some bread. After, others will not want to or eat the bread	 PersonX throws some bread. PersonY doesn't want to: be hit by the bread; have the bread land on them; or eat the bread.	1	4	2	1	1	1
PersonX stings by a jellyfish	False	NotoWant	PersonX stings by a jellyfish. What does PersonY not want to do? Name three.	sting	PersonX stings by a jellyfish. After, others will not want to sting	 PersonY does not want to sting PersonX because it will result in pain, swelling, and redness. The answers are: sting; hit; burn.	3	1	1	1	1	1
PersonX stings by a jellyfish	False	NotoWant	PersonX stings by a jellyfish. What does PersonY not want to do? Name three.	hit	PersonX stings by a jellyfish. After, others will not want to hit	 PersonY does not want to sting PersonX because it will result in pain, swelling, and redness. The answers are: sting; hit; burn.	2	4	5	3	3	0
PersonX stings by a jellyfish	False	NotoWant	PersonX stings by a jellyfish. What does PersonY not want to do? Name three.	burn	PersonX stings by a jellyfish. After, others will not want to burn	 PersonY does not want to sting PersonX because it will result in pain, swelling, and redness. The answers are: sting; hit; burn.	1	4	2	2	1	1
PersonX develops cancer	False	NotoWant	PersonX develops cancer. What does PersonY not want to do? Name three.	play	PersonX develops cancer. After, others will not want to play	 Cancer is a serious illness. The answers are: play; joke; be around PersonX.	1	2	2	5	2	2
PersonX develops cancer	False	NotoWant	PersonX develops cancer. What does PersonY not want to do? Name three.	joke	PersonX develops cancer. After, others will not want to joke	 Cancer is a serious illness. The answers are: play; joke; be around PersonX.	2	2	2	2	2	2
PersonX develops cancer	False	NotoWant	PersonX develops cancer. What does PersonY not want to do? Name three.	be around PersonX	PersonX develops cancer. After, others will not want to be around PersonX	 Cancer is a serious illness. The answers are: play; joke; be around PersonX.	3	2	3	3	3	3
PersonX tells PersonY a little	True	NotoWant	PersonX tells PersonY a little. What does PersonY not want to do? Name three.	 When PersonX tells PersonY a little, PersonY may want to know more, PersonY may want to be left alone, or PersonY may want to forget what was said.		 When PersonX tells PersonY a little, PersonY may want to know more, PersonY may want to be left alone, or PersonY may want to forget what was said.	4	4	4	4	4	4
PersonX tells PersonY a little	True	NotoWant	PersonX tells PersonY a little. What does PersonY not want to do? Name three.	 When PersonX tells PersonY a little, PersonY may want to know more, PersonY may want to be left alone, or PersonY may want to forget what was said.		 When PersonX tells PersonY a little, PersonY may want to know more, PersonY may want to be left alone, or PersonY may want to forget what was said.	4	4	4	4	4	4
PersonX tells PersonY a little	True	NotoWant	PersonX tells PersonY a little. What does PersonY not want to do? Name three.	 When PersonX tells PersonY a little, PersonY may want to know more, PersonY may want to be left alone, or PersonY may want to forget what was said.		 When PersonX tells PersonY a little, PersonY may want to know more, PersonY may want to be left alone, or PersonY may want to forget what was said.	4	4	4	4	4	4
detective	False	NotCapableOf	What is detective not capable of? Name three.	flying	detective cannot flying	 A detective is a person who investigates crimes. The answers are: flying; cooking; cleaning.	2	5	5	2	5	5
detective	False	NotCapableOf	What is detective not capable of? Name three.	cooking	detective cannot cooking	 A detective is a person who investigates crimes. The answers are: flying; cooking; cleaning.	2	2	2	2	2	2
detective	False	NotCapableOf	What is detective not capable of? Name three.	cleaning	detective cannot cleaning	 A detective is a person who investigates crimes. The answers are: flying; cooking; cleaning.	1	4	3	1	3	3
wet dog	False	NotCapableOf	What is wet dog not capable of? Name three.	make a bed	wet dog cannot make a bed	 A wet dog cannot be used to: make a bed; brush teeth; cook food.	1	2	3	2	1	1
wet dog	False	NotCapableOf	What is wet dog not capable of? Name three.	brush teeth	wet dog cannot brush teeth	 A wet dog cannot be used to: make a bed; brush teeth; cook food.	1	1	2	2	1	1
wet dog	False	NotCapableOf	What is wet dog not capable of? Name three.	cook food	wet dog cannot cook food	 A wet dog cannot be used to: make a bed; brush teeth; cook food.	3	3	4	3	3	3
quaterback	False	NotCapableOf	What is quaterback not capable of? Name three.	playing hockey	quaterback cannot playing hockey	 A quarterback is a position in American football. The answers are: playing hockey; being a CEO; being an actor.	2	2	2	1	2	2
quaterback	False	NotCapableOf	What is quaterback not capable of? Name three.	being a CEO	quaterback cannot being a CEO	 A quarterback is a position in American football. The answers are: playing hockey; being a CEO; being an actor.	3	2	3	1	3	3
quaterback	False	NotCapableOf	What is quaterback not capable of? Name three.	being an actor	quaterback cannot being an actor	 A quarterback is a position in American football. The answers are: playing hockey; being a CEO; being an actor.	3	4	1	3	3	3
dentist	False	NotCapableOf	What is dentist not capable of? Name three.	Dentists are not capable of flying	dentist cannot Dentists are not capable of flying	 Dentists are not capable of flying; they are not capable of reading minds; they are not capable of levitation.	1	1	5	1	1	1
dentist	False	NotCapableOf	What is dentist not capable of? Name three.	they are not capable of reading minds	dentist cannot they are not capable of reading minds	 Dentists are not capable of flying; they are not capable of reading minds; they are not capable of levitation.	1	1	2	2	1	1
dentist	False	NotCapableOf	What is dentist not capable of? Name three.	they are not capable of levitation	dentist cannot they are not capable of levitation	 Dentists are not capable of flying; they are not capable of reading minds; they are not capable of levitation.	2	1	2	2	2	2
oscar winner	False	NotCapableOf	What is oscar winner not capable of? Name three.	cooking	oscar winner cannot cooking	 An Oscar winner is a person who has won an Academy Award. The answers are: cooking; driving; math.	1	1	3	1	1	1
oscar winner	False	NotCapableOf	What is oscar winner not capable of? Name three.	driving	oscar winner cannot driving	 An Oscar winner is a person who has won an Academy Award. The answers are: cooking; driving; math.	4	4	2	4	4	4
oscar winner	False	NotCapableOf	What is oscar winner not capable of? Name three.	math	oscar winner cannot math	 An Oscar winner is a person who has won an Academy Award. The answers are: cooking; driving; math.	3	1	5	1	1	0
possum	True	NotCapableOf	What is possum not capable of? Name three.	flying	possum cannot fly.	 Possums are not capable of flying, they are not capable of swimming and they are not capable of running very fast.	5	3	4	1	3	3
possum	True	NotCapableOf	What is possum not capable of? Name three.	swimming	possum cannot swim.	 Possums are not capable of flying, they are not capable of swimming and they are not capable of running very fast.	1	2	1	1	1	1
possum	True	NotCapableOf	What is possum not capable of? Name three.	running very fast 	possum cannot run very fast.	 Possums are not capable of flying, they are not capable of swimming and they are not capable of running very fast.	2	1	1	1	1	1
supermodel	False	NotCapableOf	What is supermodel not capable of? Name three.	cooking	supermodel cannot cooking	 A supermodel is a very successful fashion model. The answers are: cooking; cleaning; driving.	1	3	2	1	1	1
supermodel	False	NotCapableOf	What is supermodel not capable of? Name three.	cleaning	supermodel cannot cleaning	 A supermodel is a very successful fashion model. The answers are: cooking; cleaning; driving.	2	1	3	3	1	1
supermodel	False	NotCapableOf	What is supermodel not capable of? Name three.	driving	supermodel cannot driving	 A supermodel is a very successful fashion model. The answers are: cooking; cleaning; driving.	1	2	1	1	1	1
alto	False	NotCapableOf	What is alto not capable of? Name three.	low	alto cannot low	 Alto is a musical term meaning high. The answers are: low; middle; bass.	4	2	1	1	1	1
alto	False	NotCapableOf	What is alto not capable of? Name three.	middle	alto cannot middle	 Alto is a musical term meaning high. The answers are: low; middle; bass.	2	2	3	1	2	2
alto	False	NotCapableOf	What is alto not capable of? Name three.	bass	alto cannot bass	 Alto is a musical term meaning high. The answers are: low; middle; bass.	3	1	3	3	3	3
energetic person	True	NotCapableOf	What is energetic person not capable of? Name three.	lazy	energetic person cannot be lazy.	 An energetic person is not capable of being lazy, bored, or sad.	1	3	2	3	1	1
energetic person	True	NotCapableOf	What is energetic person not capable of? Name three.	bored	energetic person cannot be bored.	 An energetic person is not capable of being lazy, bored, or sad.	2	1	2	1	2	2
energetic person	True	NotCapableOf	What is energetic person not capable of? Name three.	sad	energetic person cannot be sad.	 An energetic person is not capable of being lazy, bored, or sad.	2	1	1	1	1	1
salior	False	NotCapableOf	What is salior not capable of? Name three.	flying	salior cannot flying	 A salior is a person who works on a ship. The answers are: flying; driving; cooking.	1	3	1	1	1	1
salior	False	NotCapableOf	What is salior not capable of? Name three.	driving	salior cannot driving	 A salior is a person who works on a ship. The answers are: flying; driving; cooking.	1	1	2	4	1	1
salior	False	NotCapableOf	What is salior not capable of? Name three.	cooking	salior cannot cooking	 A salior is a person who works on a ship. The answers are: flying; driving; cooking.	2	1	4	2	1	1
terrorist	False	NotDesires	What does terrorist not desire to do? Name three.	peace	terrorist does not desire peace	 Terrorists seek to spread fear and terror through violence and destruction. The answers are: peace; love; tolerance.	2	1	3	2	1	1
terrorist	False	NotDesires	What does terrorist not desire to do? Name three.	love	terrorist does not desire love	 Terrorists seek to spread fear and terror through violence and destruction. The answers are: peace; love; tolerance.	2	2	2	2	2	2
terrorist	False	NotDesires	What does terrorist not desire to do? Name three.	tolerance	terrorist does not desire tolerance	 Terrorists seek to spread fear and terror through violence and destruction. The answers are: peace; love; tolerance.	4	1	1	2	1	1
exhibitionist	False	NotDesires	What does exhibitionist not desire to do? Name three.	be alone	exhibitionist does not desire be alone	 An exhibitionist is a person who enjoys displaying their body to others. The answers are: be alone; be covered; be ignored.	1	1	1	1	1	1
exhibitionist	False	NotDesires	What does exhibitionist not desire to do? Name three.	be covered	exhibitionist does not desire be covered	 An exhibitionist is a person who enjoys displaying their body to others. The answers are: be alone; be covered; be ignored.	1	1	4	1	1	1
exhibitionist	False	NotDesires	What does exhibitionist not desire to do? Name three.	be ignored	exhibitionist does not desire be ignored	 An exhibitionist is a person who enjoys displaying their body to others. The answers are: be alone; be covered; be ignored.	2	3	2	1	2	2
lover	False	NotDesires	What does lover not desire to do? Name three.	happy	lover does not desire happy	 The lover does not want to be away from the person they love. The answers are: happy; single; with someone else.	1	4	2	2	1	1
lover	False	NotDesires	What does lover not desire to do? Name three.	single	lover does not desire single	 The lover does not want to be away from the person they love. The answers are: happy; single; with someone else.	2	5	1	5	1	1
lover	False	NotDesires	What does lover not desire to do? Name three.	with someone else	lover does not desire with someone else	 The lover does not want to be away from the person they love. The answers are: happy; single; with someone else.	2	2	5	5	2	2
pedobear	False	NotDesires	What does pedobear not desire to do? Name three.	have a conversation	pedobear does not desire have a conversation	 Pedobear is a cartoon character that is attracted to young children. The answers are: have a conversation; listen to music; read a book.	2	3	1	5	1	1
pedobear	False	NotDesires	What does pedobear not desire to do? Name three.	listen to music	pedobear does not desire listen to music	 Pedobear is a cartoon character that is attracted to young children. The answers are: have a conversation; listen to music; read a book.	1	5	1	2	1	1
pedobear	False	NotDesires	What does pedobear not desire to do? Name three.	read a book	pedobear does not desire read a book	 Pedobear is a cartoon character that is attracted to young children. The answers are: have a conversation; listen to music; read a book.	2	1	2	2	2	2
alcoholic	False	NotDesires	What does alcoholic not desire to do? Name three.	drink alcohol	alcoholic does not desire drink alcohol	 An alcoholic is a person who is addicted to alcohol and cannot control their consumption of it. The answers are: drink alcohol; stay sober; be around others who are drinking alcohol.	1	3	1	1	1	1
alcoholic	False	NotDesires	What does alcoholic not desire to do? Name three.	stay sober	alcoholic does not desire stay sober	 An alcoholic is a person who is addicted to alcohol and cannot control their consumption of it. The answers are: drink alcohol; stay sober; be around others who are drinking alcohol.	4	2	2	2	2	2
alcoholic	False	NotDesires	What does alcoholic not desire to do? Name three.	be around others who are drinking alcohol	alcoholic does not desire be around others who are drinking alcohol	 An alcoholic is a person who is addicted to alcohol and cannot control their consumption of it. The answers are: drink alcohol; stay sober; be around others who are drinking alcohol.	1	2	2	2	2	2
gardener	False	NotDesires	What does gardener not desire to do? Name three.	sad	gardener does not desire sad	 The answers are: sad; angry; frustrated.	3	1	4	1	3	3
gardener	False	NotDesires	What does gardener not desire to do? Name three.	angry	gardener does not desire angry	 The answers are: sad; angry; frustrated.	1	2	3	3	1	1
gardener	False	NotDesires	What does gardener not desire to do? Name three.	frustrated	gardener does not desire frustrated	 The answers are: sad; angry; frustrated.	2	1	2	3	2	2
teenager	False	NotDesires	What does teenager not desire to do? Name three.	school	teenager does not desire school	 The answers are: school; homework; chores.	2	4	3	2	3	3
teenager	False	NotDesires	What does teenager not desire to do? Name three.	homework	teenager does not desire homework	 The answers are: school; homework; chores.	2	2	4	1	2	2
teenager	False	NotDesires	What does teenager not desire to do? Name three.	chores	teenager does not desire chores	 The answers are: school; homework; chores.	1	2	2	1	2	2
hen	True	NotDesires	What does hen not desire to do? Name three.	anything	hen does not desire anything.	 Hens are not people, so they cannot desire anything.	1	1	2	1	1	1
hen	True	NotDesires	What does hen not desire to do? Name three.	anything	hen does not desire anything.	 Hens are not people, so they cannot desire anything.	4	2	2	1	2	2
hen	True	NotDesires	What does hen not desire to do? Name three.	anything	hen does not desire anything.	 Hens are not people, so they cannot desire anything.	2	2	4	1	2	2
detective	False	NotDesires	What does detective not desire to do? Name three.	to be lazy	detective does not desire to be lazy	 A detective is a person who investigates crimes. The answers are: to be lazy; to be uneducated; to be a criminal.	2	1	1	1	1	1
detective	False	NotDesires	What does detective not desire to do? Name three.	to be uneducated	detective does not desire to be uneducated	 A detective is a person who investigates crimes. The answers are: to be lazy; to be uneducated; to be a criminal.	1	3	3	4	3	3
detective	False	NotDesires	What does detective not desire to do? Name three.	to be a criminal	detective does not desire to be a criminal	 A detective is a person who investigates crimes. The answers are: to be lazy; to be uneducated; to be a criminal.	1	4	2	4	1	1
aol	False	NotDesires	What does aol not desire to do? Name three.	merge with other companies	aol does not desire merge with other companies	 AOL is a company that provides various internet services. The answers are: merge with other companies; be bought out by another company; go bankrupt.	2	1	3	3	1	1
aol	False	NotDesires	What does aol not desire to do? Name three.	be bought out by another company	aol does not desire be bought out by another company	 AOL is a company that provides various internet services. The answers are: merge with other companies; be bought out by another company; go bankrupt.	4	4	1	1	4	4
aol	False	NotDesires	What does aol not desire to do? Name three.	go bankrupt	aol does not desire go bankrupt	 AOL is a company that provides various internet services. The answers are: merge with other companies; be bought out by another company; go bankrupt.	3	3	1	3	3	3
PersonX enters an art contest	True	NotHinderedBy	PersonX enters an art contest. What cannot hinder/obstruct it? Name three.				4	4	4	4	4	4
PersonX enters an art contest	True	NotHinderedBy	PersonX enters an art contest. What cannot hinder/obstruct it? Name three.				4	4	4	4	4	4
PersonX enters an art contest	True	NotHinderedBy	PersonX enters an art contest. What cannot hinder/obstruct it? Name three.				4	4	4	4	4	4
PersonX spends time	False	NotHinderedBy	PersonX spends time. What cannot hinder/obstruct it? Name three.	work	PersonX spends time. This happens even if work	 Time is a dimension that cannot be hindered or obstructed. The answers are: work; a person; a place.	1	1	3	1	1	1
PersonX spends time	False	NotHinderedBy	PersonX spends time. What cannot hinder/obstruct it? Name three.	a person	PersonX spends time. This happens even if a person	 Time is a dimension that cannot be hindered or obstructed. The answers are: work; a person; a place.	2	2	4	1	2	2
PersonX spends time	False	NotHinderedBy	PersonX spends time. What cannot hinder/obstruct it? Name three.	a place	PersonX spends time. This happens even if a place	 Time is a dimension that cannot be hindered or obstructed. The answers are: work; a person; a place.	4	4	1	2	4	4
PersonX gives PersonY another	False	NotHinderedBy	PersonX gives PersonY another. What cannot hinder/obstruct it? Name three.	3 dollars	PersonX gives PersonY another. This happens even if 3 dollars	Giving can be done with or without money. The answers are: 3 dollars; a rock; a knife.	3	2	2	2	2	2
PersonX gives PersonY another	False	NotHinderedBy	PersonX gives PersonY another. What cannot hinder/obstruct it? Name three.	a rock	PersonX gives PersonY another. This happens even if a rock	Giving can be done with or without money. The answers are: 3 dollars; a rock; a knife.	2	3	5	4	4	0
PersonX gives PersonY another	False	NotHinderedBy	PersonX gives PersonY another. What cannot hinder/obstruct it? Name three.	a knife	PersonX gives PersonY another. This happens even if a knife	Giving can be done with or without money. The answers are: 3 dollars; a rock; a knife.	5	1	2	1	1	1
PersonX sees PersonY night	False	NotHinderedBy	PersonX sees PersonY night. What cannot hinder/obstruct it? Name three.	darkness	PersonX sees PersonY night. This happens even if darkness	 At night, one cannot see as well as during the day. The answers are: darkness; poor lighting; obstacles.	1	4	3	3	3	3
PersonX sees PersonY night	False	NotHinderedBy	PersonX sees PersonY night. What cannot hinder/obstruct it? Name three.	poor lighting	PersonX sees PersonY night. This happens even if poor lighting	 At night, one cannot see as well as during the day. The answers are: darkness; poor lighting; obstacles.	2	2	2	2	2	2
PersonX sees PersonY night	False	NotHinderedBy	PersonX sees PersonY night. What cannot hinder/obstruct it? Name three.	obstacles	PersonX sees PersonY night. This happens even if obstacles	 At night, one cannot see as well as during the day. The answers are: darkness; poor lighting; obstacles.	3	2	3	3	3	3
PersonX changes PersonY's diaper	False	NotHinderedBy	PersonX changes PersonY's diaper. What cannot hinder/obstruct it? Name three.	a knife	PersonX changes PersonY's diaper. This happens even if a knife	 Hinder means to make it difficult for something to happen or to make something less effective. The answers are: a knife; a fork; a spoon.	1	1	2	1	1	1
PersonX changes PersonY's diaper	False	NotHinderedBy	PersonX changes PersonY's diaper. What cannot hinder/obstruct it? Name three.	a fork	PersonX changes PersonY's diaper. This happens even if a fork	 Hinder means to make it difficult for something to happen or to make something less effective. The answers are: a knife; a fork; a spoon.	1	1	1	1	1	1
PersonX changes PersonY's diaper	False	NotHinderedBy	PersonX changes PersonY's diaper. What cannot hinder/obstruct it? Name three.	a spoon	PersonX changes PersonY's diaper. This happens even if a spoon	 Hinder means to make it difficult for something to happen or to make something less effective. The answers are: a knife; a fork; a spoon.	4	2	2	2	2	2
PersonX is having a party at PersonX's house	True	NotHinderedBy	PersonX is having a party at PersonX's house. What cannot hinder/obstruct it? Name three.				4	4	4	4	4	4
PersonX is having a party at PersonX's house	True	NotHinderedBy	PersonX is having a party at PersonX's house. What cannot hinder/obstruct it? Name three.				4	4	4	4	4	4
PersonX is having a party at PersonX's house	True	NotHinderedBy	PersonX is having a party at PersonX's house. What cannot hinder/obstruct it? Name three.				4	4	4	4	4	4
PersonX pulls out all the stops	False	NotHinderedBy	PersonX pulls out all the stops. What cannot hinder/obstruct it? Name three.	fear	PersonX pulls out all the stops. This happens even if fear	 Pulling out all the stops means to do everything possible to achieve a goal. The answers are: fear; doubt; laziness.	1	2	2	1	2	2
PersonX pulls out all the stops	False	NotHinderedBy	PersonX pulls out all the stops. What cannot hinder/obstruct it? Name three.	doubt	PersonX pulls out all the stops. This happens even if doubt	 Pulling out all the stops means to do everything possible to achieve a goal. The answers are: fear; doubt; laziness.	2	3	4	2	3	3
PersonX pulls out all the stops	False	NotHinderedBy	PersonX pulls out all the stops. What cannot hinder/obstruct it? Name three.	laziness	PersonX pulls out all the stops. This happens even if laziness	 Pulling out all the stops means to do everything possible to achieve a goal. The answers are: fear; doubt; laziness.	1	4	2	4	1	1
PersonX looks in the pantry	False	NotHinderedBy	PersonX looks in the pantry. What cannot hinder/obstruct it? Name three.	a wall	PersonX looks in the pantry. This happens even if a wall	 The act of looking in the pantry does not require much movement, so the answers are: a wall; a person; a table.	3	1	4	4	3	3
PersonX looks in the pantry	False	NotHinderedBy	PersonX looks in the pantry. What cannot hinder/obstruct it? Name three.	a person	PersonX looks in the pantry. This happens even if a person	 The act of looking in the pantry does not require much movement, so the answers are: a wall; a person; a table.	3	1	1	1	1	1
PersonX looks in the pantry	False	NotHinderedBy	PersonX looks in the pantry. What cannot hinder/obstruct it? Name three.	a table	PersonX looks in the pantry. This happens even if a table	 The act of looking in the pantry does not require much movement, so the answers are: a wall; a person; a table.	1	1	5	1	1	1
PersonX brushes PersonY's hair	False	NotHinderedBy	PersonX brushes PersonY's hair. What cannot hinder/obstruct it? Name three.	a wall	PersonX brushes PersonY's hair. This happens even if a wall	 When brushing someone's hair, the individual doing the brushing will likely need to be close to the head of the person whose hair is being brushed. The answers are: a wall; a table; a chair.	2	2	2	1	2	2
PersonX brushes PersonY's hair	False	NotHinderedBy	PersonX brushes PersonY's hair. What cannot hinder/obstruct it? Name three.	a table	PersonX brushes PersonY's hair. This happens even if a table	 When brushing someone's hair, the individual doing the brushing will likely need to be close to the head of the person whose hair is being brushed. The answers are: a wall; a table; a chair.	1	3	2	4	1	1
PersonX brushes PersonY's hair	False	NotHinderedBy	PersonX brushes PersonY's hair. What cannot hinder/obstruct it? Name three.	a chair	PersonX brushes PersonY's hair. This happens even if a chair	 When brushing someone's hair, the individual doing the brushing will likely need to be close to the head of the person whose hair is being brushed. The answers are: a wall; a table; a chair.	2	1	3	3	1	1
PersonX invites PersonY to play	False	NotHinderedBy	PersonX invites PersonY to play. What cannot hinder/obstruct it? Name three.	work	PersonX invites PersonY to play. This happens even if work	 The answers are: work; school; sleep.	2	2	4	2	2	2
PersonX invites PersonY to play	False	NotHinderedBy	PersonX invites PersonY to play. What cannot hinder/obstruct it? Name three.	school	PersonX invites PersonY to play. This happens even if school	 The answers are: work; school; sleep.	2	2	2	2	2	2
PersonX invites PersonY to play	False	NotHinderedBy	PersonX invites PersonY to play. What cannot hinder/obstruct it? Name three.	sleep	PersonX invites PersonY to play. This happens even if sleep	 The answers are: work; school; sleep.	2	4	5	5	5	0
PersonX eats it	False	NotisBefore	PersonX eats it. What does not happen before it? Name three.	breathing	PersonX eats it. After that, does not usually breathing	 Eating is the process of consuming food. The answers are: breathing; defecating; urinating.	3	3	5	1	3	3
PersonX eats it	False	NotisBefore	PersonX eats it. What does not happen before it? Name three.	defecating	PersonX eats it. After that, does not usually defecating	 Eating is the process of consuming food. The answers are: breathing; defecating; urinating.	1	2	2	1	2	2
PersonX eats it	False	NotisBefore	PersonX eats it. What does not happen before it? Name three.	urinating	PersonX eats it. After that, does not usually urinating	 Eating is the process of consuming food. The answers are: breathing; defecating; urinating.	2	3	4	3	3	3
PersonX sends PersonY a gift	False	NotisBefore	PersonX sends PersonY a gift. What does not happen before it? Name three.	PersonX and PersonY meeting	PersonX sends PersonY a gift. After that, does not usually PersonX and PersonY meeting	 PersonX giving a gift to PersonY is an act of generosity. The answers are: PersonX and PersonY meeting; PersonX knowing PersonY; PersonY asking for the gift.	2	3	2	2	2	2
PersonX sends PersonY a gift	False	NotisBefore	PersonX sends PersonY a gift. What does not happen before it? Name three.	PersonX knowing PersonY	PersonX sends PersonY a gift. After that, does not usually PersonX knowing PersonY	 PersonX giving a gift to PersonY is an act of generosity. The answers are: PersonX and PersonY meeting; PersonX knowing PersonY; PersonY asking for the gift.	2	3	2	2	2	2
PersonX sends PersonY a gift	False	NotisBefore	PersonX sends PersonY a gift. What does not happen before it? Name three.	PersonY asking for the gift	PersonX sends PersonY a gift. After that, does not usually PersonY asking for the gift	 PersonX giving a gift to PersonY is an act of generosity. The answers are: PersonX and PersonY meeting; PersonX knowing PersonY; PersonY asking for the gift.	3	1	1	1	1	1
PersonX finishes the book last night	False	NotisBefore	PersonX finishes the book last night. What does not happen before it? Name three.	going to work	PersonX finishes the book last night. After that, does not usually going to work	 Reading a book usually requires time and focus. The answers are: going to work; making dinner; taking a shower.	4	4	5	3	4	4
PersonX finishes the book last night	False	NotisBefore	PersonX finishes the book last night. What does not happen before it? Name three.	making dinner	PersonX finishes the book last night. After that, does not usually making dinner	 Reading a book usually requires time and focus. The answers are: going to work; making dinner; taking a shower.	4	2	3	2	3	3
PersonX finishes the book last night	False	NotisBefore	PersonX finishes the book last night. What does not happen before it? Name three.	taking a shower	PersonX finishes the book last night. After that, does not usually taking a shower	 Reading a book usually requires time and focus. The answers are: going to work; making dinner; taking a shower.	1	2	1	1	1	1
PersonX makes PersonY's arrangements	False	NotisBefore	PersonX makes PersonY's arrangements. What does not happen before it? Name three.	the event	PersonX makes PersonY's arrangements. After that, does not usually the event	 Making arrangements generally refers to planning or preparing for something. The answers are: the event; PersonY's approval; finalizing the details.	4	1	5	4	4	0
PersonX makes PersonY's arrangements	False	NotisBefore	PersonX makes PersonY's arrangements. What does not happen before it? Name three.	PersonY's approval	PersonX makes PersonY's arrangements. After that, does not usually PersonY's approval	 Making arrangements generally refers to planning or preparing for something. The answers are: the event; PersonY's approval; finalizing the details.	2	2	1	2	2	2
PersonX makes PersonY's arrangements	False	NotisBefore	PersonX makes PersonY's arrangements. What does not happen before it? Name three.	finalizing the details	PersonX makes PersonY's arrangements. After that, does not usually finalizing the details	 Making arrangements generally refers to planning or preparing for something. The answers are: the event; PersonY's approval; finalizing the details.	3	1	3	1	3	3
PersonX has a better idea	False	NotisBefore	PersonX has a better idea. What does not happen before it? Name three.	sleeping	PersonX has a better idea. After that, does not usually sleeping	 Having a better idea usually comes after some brainstorming or thinking. The answers are: sleeping; watching a movie; playing a video game.	2	3	1	1	1	1
PersonX has a better idea	False	NotisBefore	PersonX has a better idea. What does not happen before it? Name three.	watching a movie	PersonX has a better idea. After that, does not usually watching a movie	 Having a better idea usually comes after some brainstorming or thinking. The answers are: sleeping; watching a movie; playing a video game.	2	1	2	2	2	2
PersonX has a better idea	False	NotisBefore	PersonX has a better idea. What does not happen before it? Name three.	playing a video game	PersonX has a better idea. After that, does not usually playing a video game	 Having a better idea usually comes after some brainstorming or thinking. The answers are: sleeping; watching a movie; playing a video game.	4	1	5	1	1	0
PersonX keeps PersonX's head down	False	NotisBefore	PersonX keeps PersonX's head down. What does not happen before it? Name three.	happy	PersonX keeps PersonX's head down. After that, does not usually happy	 Keeping one's head down usually means that one is sad, ashamed, or embarrassed. The answers are: happy; content; excited.	4	3	1	2	3	3
PersonX keeps PersonX's head down	False	NotisBefore	PersonX keeps PersonX's head down. What does not happen before it? Name three.	content	PersonX keeps PersonX's head down. After that, does not usually content	 Keeping one's head down usually means that one is sad, ashamed, or embarrassed. The answers are: happy; content; excited.	3	2	1	1	1	1
PersonX keeps PersonX's head down	False	NotisBefore	PersonX keeps PersonX's head down. What does not happen before it? Name three.	excited	PersonX keeps PersonX's head down. After that, does not usually excited	 Keeping one's head down usually means that one is sad, ashamed, or embarrassed. The answers are: happy; content; excited.	2	2	4	1	2	2
PersonX walks into PersonY's room	False	NotisBefore	PersonX walks into PersonY's room. What does not happen before it? Name three.	PersonX knocks on the door	PersonX walks into PersonY's room. After that, does not usually PersonX knocks on the door	 PersonX usually needs to be invited or given permission before walking into PersonY's room. The answers are: PersonX knocks on the door; PersonX calls out PersonY's name; PersonX waits for a response.	2	2	3	2	2	2
PersonX walks into PersonY's room	False	NotisBefore	PersonX walks into PersonY's room. What does not happen before it? Name three.	PersonX calls out PersonY's name	PersonX walks into PersonY's room. After that, does not usually PersonX calls out PersonY's name	 PersonX usually needs to be invited or given permission before walking into PersonY's room. The answers are: PersonX knocks on the door; PersonX calls out PersonY's name; PersonX waits for a response.	1	5	2	1	1	1
PersonX walks into PersonY's room	False	NotisBefore	PersonX walks into PersonY's room. What does not happen before it? Name three.	PersonX waits for a response	PersonX walks into PersonY's room. After that, does not usually PersonX waits for a response	 PersonX usually needs to be invited or given permission before walking into PersonY's room. The answers are: PersonX knocks on the door; PersonX calls out PersonY's name; PersonX waits for a response.	3	2	2	1	2	2
PersonX makes decisions based	False	NotisBefore	PersonX makes decisions based. What does not happen before it? Name three.	happy	PersonX makes decisions based. After that, does not usually happy	 Decisions are made based on information and knowledge. The answers are: happy; satisfied; relaxed.	2	2	4	3	2	2
PersonX makes decisions based	False	NotisBefore	PersonX makes decisions based. What does not happen before it? Name three.	satisfied	PersonX makes decisions based. After that, does not usually satisfied	 Decisions are made based on information and knowledge. The answers are: happy; satisfied; relaxed.	4	1	1	1	1	1
PersonX makes decisions based	False	NotisBefore	PersonX makes decisions based. What does not happen before it? Name three.	relaxed	PersonX makes decisions based. After that, does not usually relaxed	 Decisions are made based on information and knowledge. The answers are: happy; satisfied; relaxed.	4	2	1	2	1	1
PersonX has trouble staying awake	False	NotisBefore	PersonX has trouble staying awake. What does not happen before it? Name three.	drinking coffee	PersonX has trouble staying awake. After that, does not usually drinking coffee	 Sleepiness usually happens when a person is tired. The answers are: drinking coffee; taking a nap; watching a movie.	4	2	4	2	4	4
PersonX has trouble staying awake	False	NotisBefore	PersonX has trouble staying awake. What does not happen before it? Name three.	taking a nap	PersonX has trouble staying awake. After that, does not usually taking a nap	 Sleepiness usually happens when a person is tired. The answers are: drinking coffee; taking a nap; watching a movie.	2	2	3	2	2	2
PersonX has trouble staying awake	False	NotisBefore	PersonX has trouble staying awake. What does not happen before it? Name three.	watching a movie	PersonX has trouble staying awake. After that, does not usually watching a movie	 Sleepiness usually happens when a person is tired. The answers are: drinking coffee; taking a nap; watching a movie.	2	1	4	2	1	1
PersonX rears PersonY's children	False	NotisBefore	PersonX rears PersonY's children. What does not happen before it? Name three.	childlessness	PersonX rears PersonY's children. After that, does not usually childlessness	 Rearing children is the process of raising them to adulthood. The answers are: childlessness; divorce; death.	1	1	1	1	1	1
PersonX rears PersonY's children	False	NotisBefore	PersonX rears PersonY's children. What does not happen before it? Name three.	divorce	PersonX rears PersonY's children. After that, does not usually divorce	 Rearing children is the process of raising them to adulthood. The answers are: childlessness; divorce; death.	2	2	1	1	2	2
PersonX rears PersonY's children	False	NotisBefore	PersonX rears PersonY's children. What does not happen before it? Name three.	death	PersonX rears PersonY's children. After that, does not usually death	 Rearing children is the process of raising them to adulthood. The answers are: childlessness; divorce; death.	2	4	1	1	1	1
PersonX leaves for school	False	NotisAfter	PersonX leaves for school. What does not happen after it? Name three.	PersonX will not feel happy	PersonX leaves for school. Before that, it is not needed that PersonX will not feel happy	 PersonX will go to school. The answers are: PersonX will not feel happy;PersonX will not feel satisfied; PersonX will not feel relaxed.	4	4	4	4	4	4
PersonX leaves for school	False	NotisAfter	PersonX leaves for school. What does not happen after it? Name three.	PersonX will not feel satisfied	PersonX leaves for school. Before that, it is not needed that PersonX will not feel satisfied	 PersonX will go to school. The answers are: PersonX will not feel happy;PersonX will not feel satisfied; PersonX will not feel relaxed.	4	2	2	2	2	2
PersonX leaves for school	False	NotisAfter	PersonX leaves for school. What does not happen after it? Name three.	PersonX will not feel relaxed	PersonX leaves for school. Before that, it is not needed that PersonX will not feel relaxed	 PersonX will go to school. The answers are: PersonX will not feel happy;PersonX will not feel satisfied; PersonX will not feel relaxed.	1	5	4	1	1	0
PersonX visits the zoo	False	NotisAfter	PersonX visits the zoo. What does not happen after it? Name three.	After visiting the zoo, PersonX will not be able to see the animals anymore	PersonX visits the zoo. Before that, it is not needed that After visiting the zoo, PersonX will not be able to see the animals anymore	 After visiting the zoo, PersonX will not be able to see the animals anymore; PersonX will not be able to touch the animals; and PersonX will not be able to feed the animals.	2	1	2	1	2	2
PersonX visits the zoo	False	NotisAfter	PersonX visits the zoo. What does not happen after it? Name three.	PersonX will not be able to touch the animals	PersonX visits the zoo. Before that, it is not needed that PersonX will not be able to touch the animals	 After visiting the zoo, PersonX will not be able to see the animals anymore; PersonX will not be able to touch the animals; and PersonX will not be able to feed the animals.	2	3	4	3	3	3
PersonX visits the zoo	False	NotisAfter	PersonX visits the zoo. What does not happen after it? Name three.	and PersonX will not be able to feed the animals	PersonX visits the zoo. Before that, it is not needed that and PersonX will not be able to feed the animals	 After visiting the zoo, PersonX will not be able to see the animals anymore; PersonX will not be able to touch the animals; and PersonX will not be able to feed the animals.	1	2	2	1	2	2
PersonX holds onto nothing	False	NotisAfter	PersonX holds onto nothing. What does not happen after it? Name three.	getting up	PersonX holds onto nothing. Before that, it is not needed that getting up	 Holding onto nothing usually results in falling. The answers are: getting up; continuing to hold onto nothing; laughing.	4	5	3	2	3	3
PersonX holds onto nothing	False	NotisAfter	PersonX holds onto nothing. What does not happen after it? Name three.	continuing to hold onto nothing	PersonX holds onto nothing. Before that, it is not needed that continuing to hold onto nothing	 Holding onto nothing usually results in falling. The answers are: getting up; continuing to hold onto nothing; laughing.	4	2	1	2	1	1
PersonX holds onto nothing	False	NotisAfter	PersonX holds onto nothing. What does not happen after it? Name three.	laughing	PersonX holds onto nothing. Before that, it is not needed that laughing	 Holding onto nothing usually results in falling. The answers are: getting up; continuing to hold onto nothing; laughing.	2	4	1	2	1	1
PersonX summons for jury duty	True	NotisAfter	PersonX summons for jury duty. What does not happen after it? Name three.	required to serve on a jury	PersonX summons for jury duty. Before that, it is not needed to be required to serve on a jury.	 After being summoned for jury duty, a person is not required to serve on a jury, be paid for their time, or be excused from work.	2	2	2	2	2	2
PersonX summons for jury duty	True	NotisAfter	PersonX summons for jury duty. What does not happen after it? Name three.	be paid for their time	PersonX summons for jury duty. Before that, it is not needed to be paid for their time.	 After being summoned for jury duty, a person is not required to serve on a jury, be paid for their time, or be excused from work.	1	3	1	1	1	1
PersonX summons for jury duty	True	NotisAfter	PersonX summons for jury duty. What does not happen after it? Name three.	be excused from work	PersonX summons for jury duty. Before that, it is not needed to be excused from work.	 After being summoned for jury duty, a person is not required to serve on a jury, be paid for their time, or be excused from work.	1	2	2	1	2	2
PersonX pumps iron	False	NotisAfter	PersonX pumps iron. What does not happen after it? Name three.	a car drives by	PersonX pumps iron. Before that, it is not needed that a car drives by	" Pushing oneself up from a lying down position using one's arms is called a ""push up."" The answers are: a car drives by; PersonX falls down; PersonX gets a push up."	3	2	3	2	3	3
PersonX pumps iron	False	NotisAfter	PersonX pumps iron. What does not happen after it? Name three.	PersonX falls down	PersonX pumps iron. Before that, it is not needed that PersonX falls down	" Pushing oneself up from a lying down position using one's arms is called a ""push up."" The answers are: a car drives by; PersonX falls down; PersonX gets a push up."	2	4	1	1	1	1
PersonX pumps iron	False	NotisAfter	PersonX pumps iron. What does not happen after it? Name three.	PersonX gets a push up	PersonX pumps iron. Before that, it is not needed that PersonX gets a push up	" Pushing oneself up from a lying down position using one's arms is called a ""push up."" The answers are: a car drives by; PersonX falls down; PersonX gets a push up."	2	5	1	1	1	1
PersonX has tons of fun	False	NotisAfter	PersonX has tons of fun. What does not happen after it? Name three.	PersonX does not feel sad	PersonX has tons of fun. Before that, it is not needed that PersonX does not feel sad	 Tons of fun means having a lot of fun. The answers are: PersonX does not feel sad; PersonX does not feel angry; PersonX does not feel bored.	1	2	2	2	2	2
PersonX has tons of fun	False	NotisAfter	PersonX has tons of fun. What does not happen after it? Name three.	PersonX does not feel angry	PersonX has tons of fun. Before that, it is not needed that PersonX does not feel angry	 Tons of fun means having a lot of fun. The answers are: PersonX does not feel sad; PersonX does not feel angry; PersonX does not feel bored.	1	1	3	3	1	1
PersonX has tons of fun	False	NotisAfter	PersonX has tons of fun. What does not happen after it? Name three.	PersonX does not feel bored	PersonX has tons of fun. Before that, it is not needed that PersonX does not feel bored	 Tons of fun means having a lot of fun. The answers are: PersonX does not feel sad; PersonX does not feel angry; PersonX does not feel bored.	2	3	2	3	2	2
PersonX imitates PersonY's example	False	NotisAfter	PersonX imitates PersonY's example. What does not happen after it? Name three.	PersonX is happy	PersonX imitates PersonY's example. Before that, it is not needed that PersonX is happy	 PersonX is likely to receive the same consequence as PersonY. The answers are: PersonX is happy; PersonX is sad; PersonX is angry.	2	4	1	2	1	1
PersonX imitates PersonY's example	False	NotisAfter	PersonX imitates PersonY's example. What does not happen after it? Name three.	PersonX is sad	PersonX imitates PersonY's example. Before that, it is not needed that PersonX is sad	 PersonX is likely to receive the same consequence as PersonY. The answers are: PersonX is happy; PersonX is sad; PersonX is angry.	1	1	3	1	1	1
PersonX imitates PersonY's example	False	NotisAfter	PersonX imitates PersonY's example. What does not happen after it? Name three.	PersonX is angry	PersonX imitates PersonY's example. Before that, it is not needed that PersonX is angry	 PersonX is likely to receive the same consequence as PersonY. The answers are: PersonX is happy; PersonX is sad; PersonX is angry.	2	2	2	2	2	2
PersonX invites all PersonX's friends over	False	NotisAfter	PersonX invites all PersonX's friends over. What does not happen after it? Name three.	PersonX's friends leave	PersonX invites all PersonX's friends over. Before that, it is not needed that PersonX's friends leave	 After PersonX's friends arrive, PersonX will likely entertain them and show them a good time. The answers are: PersonX's friends leave; PersonX's friends do not arrive; PersonX's friends are not entertained.	2	1	3	1	1	1
PersonX invites all PersonX's friends over	False	NotisAfter	PersonX invites all PersonX's friends over. What does not happen after it? Name three.	PersonX's friends do not arrive	PersonX invites all PersonX's friends over. Before that, it is not needed that PersonX's friends do not arrive	 After PersonX's friends arrive, PersonX will likely entertain them and show them a good time. The answers are: PersonX's friends leave; PersonX's friends do not arrive; PersonX's friends are not entertained.	4	2	2	2	2	2
PersonX invites all PersonX's friends over	False	NotisAfter	PersonX invites all PersonX's friends over. What does not happen after it? Name three.	PersonX's friends are not entertained	PersonX invites all PersonX's friends over. Before that, it is not needed that PersonX's friends are not entertained	 After PersonX's friends arrive, PersonX will likely entertain them and show them a good time. The answers are: PersonX's friends leave; PersonX's friends do not arrive; PersonX's friends are not entertained.	4	1	1	1	1	1
PersonX wears glasses	False	NotisAfter	PersonX wears glasses. What does not happen after it? Name three.	headaches	PersonX wears glasses. Before that, it is not needed that headaches	 Wearing glasses usually improves one's vision. The answers are: headaches; blurry vision; dizziness.	2	2	2	1	2	2
PersonX wears glasses	False	NotisAfter	PersonX wears glasses. What does not happen after it? Name three.	blurry vision	PersonX wears glasses. Before that, it is not needed that blurry vision	 Wearing glasses usually improves one's vision. The answers are: headaches; blurry vision; dizziness.	1	2	4	3	1	1
PersonX wears glasses	False	NotisAfter	PersonX wears glasses. What does not happen after it? Name three.	dizziness	PersonX wears glasses. Before that, it is not needed that dizziness	 Wearing glasses usually improves one's vision. The answers are: headaches; blurry vision; dizziness.	4	2	1	1	1	1
PersonX sprays by a skunk	False	NotisAfter	PersonX sprays by a skunk. What does not happen after it? Name three.	happy	PersonX sprays by a skunk. Before that, it is not needed that happy	 Being sprayed by a skunk usually results in a bad smell, temporary blindness, and sometimes vomiting. The answers are: happy; excited; relieved.	1	1	2	1	1	1
PersonX sprays by a skunk	False	NotisAfter	PersonX sprays by a skunk. What does not happen after it? Name three.	excited	PersonX sprays by a skunk. Before that, it is not needed that excited	 Being sprayed by a skunk usually results in a bad smell, temporary blindness, and sometimes vomiting. The answers are: happy; excited; relieved.	4	2	2	1	2	2
PersonX sprays by a skunk	False	NotisAfter	PersonX sprays by a skunk. What does not happen after it? Name three.	relieved	PersonX sprays by a skunk. Before that, it is not needed that relieved	 Being sprayed by a skunk usually results in a bad smell, temporary blindness, and sometimes vomiting. The answers are: happy; excited; relieved.	3	4	2	1	3	3
knight	False	NotAtLocation	Where is the knight not located? Name three.	a rook	You are not likely to find  knight in a rook	 A knight is a chess piece. The answers are: a rook; a bishop; a pawn.	2	2	2	2	2	2
knight	False	NotAtLocation	Where is the knight not located? Name three.	a bishop	You are not likely to find  knight in a bishop	 A knight is a chess piece. The answers are: a rook; a bishop; a pawn.	2	3	4	3	3	3
knight	False	NotAtLocation	Where is the knight not located? Name three.	a pawn	You are not likely to find  knight in a pawn	 A knight is a chess piece. The answers are: a rook; a bishop; a pawn.	2	3	2	2	2	2
harmonica	False	NotAtLocation	Where is the harmonica not located? Name three.	in a piano	You are not likely to find  harmonica in in a piano	 The harmonica is a musical instrument. The answers are: in a piano; in an orchestra; in a rock band.	1	2	2	1	2	2
harmonica	False	NotAtLocation	Where is the harmonica not located? Name three.	in an orchestra	You are not likely to find  harmonica in in an orchestra	 The harmonica is a musical instrument. The answers are: in a piano; in an orchestra; in a rock band.	2	2	2	1	2	2
harmonica	False	NotAtLocation	Where is the harmonica not located? Name three.	in a rock band	You are not likely to find  harmonica in in a rock band	 The harmonica is a musical instrument. The answers are: in a piano; in an orchestra; in a rock band.	3	3	2	3	3	3
salt	False	NotAtLocation	Where is the salt not located? Name three.	in the sea	You are not likely to find  salt in in the sea	 The sun is usually located in the sky during the day. The answers are: in the sea; on the table; in the air.	2	5	1	1	1	1
salt	False	NotAtLocation	Where is the salt not located? Name three.	on the table	You are not likely to find  salt in on the table	 The sun is usually located in the sky during the day. The answers are: in the sea; on the table; in the air.	2	2	4	2	2	2
salt	False	NotAtLocation	Where is the salt not located? Name three.	in the air	You are not likely to find  salt in in the air	 The sun is usually located in the sky during the day. The answers are: in the sea; on the table; in the air.	1	2	2	2	2	2
book light	False	NotAtLocation	Where is the book light not located? Name three.	the wall	You are not likely to find  book light in the wall	 The book light is located on the book. The answers are: the wall; the ceiling; under the bed.	2	1	1	2	1	1
book light	False	NotAtLocation	Where is the book light not located? Name three.	the ceiling	You are not likely to find  book light in the ceiling	 The book light is located on the book. The answers are: the wall; the ceiling; under the bed.	4	3	2	2	3	3
book light	False	NotAtLocation	Where is the book light not located? Name three.	under the bed	You are not likely to find  book light in under the bed	 The book light is located on the book. The answers are: the wall; the ceiling; under the bed.	2	2	1	1	2	2
handle	False	NotAtLocation	Where is the handle not located? Name three.	the top of a toothbrush	You are not likely to find  handle in the top of a toothbrush	 The handle is the part of an object that is used to grip it. The answers are: the top of a toothbrush; the bottom of a shoe; inside a book.	2	1	2	2	2	2
handle	False	NotAtLocation	Where is the handle not located? Name three.	the bottom of a shoe	You are not likely to find  handle in the bottom of a shoe	 The handle is the part of an object that is used to grip it. The answers are: the top of a toothbrush; the bottom of a shoe; inside a book.	4	2	2	1	2	2
handle	False	NotAtLocation	Where is the handle not located? Name three.	inside a book	You are not likely to find  handle in inside a book	 The handle is the part of an object that is used to grip it. The answers are: the top of a toothbrush; the bottom of a shoe; inside a book.	4	1	2	1	1	1
dark matter	False	NotAtLocation	Where is the dark matter not located? Name three.	on the moon	You are not likely to find  dark matter in on the moon	 Dark matter is not located on Earth. The answers are: on the moon; in space; in a black hole.	1	1	2	1	1	1
dark matter	False	NotAtLocation	Where is the dark matter not located? Name three.	in space	You are not likely to find  dark matter in in space	 Dark matter is not located on Earth. The answers are: on the moon; in space; in a black hole.	3	1	3	1	3	3
dark matter	False	NotAtLocation	Where is the dark matter not located? Name three.	in a black hole	You are not likely to find  dark matter in in a black hole	 Dark matter is not located on Earth. The answers are: on the moon; in space; in a black hole.	2	2	4	1	2	2
indian ocean	False	NotAtLocation	Where is the indian ocean not located? Name three.	North America	You are not likely to find  indian ocean in North America	 The Indian Ocean is located between Asia and Africa. The answers are: North America; South America; Antarctica.	4	1	4	2	4	4
indian ocean	False	NotAtLocation	Where is the indian ocean not located? Name three.	South America	You are not likely to find  indian ocean in South America	 The Indian Ocean is located between Asia and Africa. The answers are: North America; South America; Antarctica.	4	3	2	2	3	3
indian ocean	False	NotAtLocation	Where is the indian ocean not located? Name three.	Antarctica	You are not likely to find  indian ocean in Antarctica	 The Indian Ocean is located between Asia and Africa. The answers are: North America; South America; Antarctica.	3	2	3	3	3	3
large container	False	NotAtLocation	Where is the large container not located? Name three.	small	You are not likely to find  large container in small	 A large container can be located indoors or outdoors. The answers are: small; cramped; uncomfortable.	1	1	3	1	1	1
large container	False	NotAtLocation	Where is the large container not located? Name three.	cramped	You are not likely to find  large container in cramped	 A large container can be located indoors or outdoors. The answers are: small; cramped; uncomfortable.	2	1	2	2	2	2
large container	False	NotAtLocation	Where is the large container not located? Name three.	uncomfortable	You are not likely to find  large container in uncomfortable	 A large container can be located indoors or outdoors. The answers are: small; cramped; uncomfortable.	4	1	2	4	1	1
lacebug	False	NotAtLocation	Where is the lacebug not located? Name three.	on the ground	You are not likely to find  lacebug in on the ground	 Lacebugs are small, black insects that feed on the leaves of plants. The answers are: on the ground; in the air; on a person.	2	2	1	2	2	2
lacebug	False	NotAtLocation	Where is the lacebug not located? Name three.	in the air	You are not likely to find  lacebug in in the air	 Lacebugs are small, black insects that feed on the leaves of plants. The answers are: on the ground; in the air; on a person.	4	3	1	3	3	3
lacebug	False	NotAtLocation	Where is the lacebug not located? Name three.	on a person	You are not likely to find  lacebug in on a person	 Lacebugs are small, black insects that feed on the leaves of plants. The answers are: on the ground; in the air; on a person.	2	1	5	3	1	1
cpu	False	NotAtLocation	Where is the cpu not located? Name three.	in the monitor	You are not likely to find  cpu in in the monitor	 The CPU is the central processing unit of a computer. It is typically located on the motherboard. The answers are: in the monitor; in the keyboard; in the mouse.	2	2	3	3	2	2
cpu	False	NotAtLocation	Where is the cpu not located? Name three.	in the keyboard	You are not likely to find  cpu in in the keyboard	 The CPU is the central processing unit of a computer. It is typically located on the motherboard. The answers are: in the monitor; in the keyboard; in the mouse.	2	1	1	1	1	1
cpu	False	NotAtLocation	Where is the cpu not located? Name three.	in the mouse	You are not likely to find  cpu in in the mouse	 The CPU is the central processing unit of a computer. It is typically located on the motherboard. The answers are: in the monitor; in the keyboard; in the mouse.	2	2	4	1	2	2
get old	False	NotHasSubEvent	get old. What you will not do while: get old? Name three.	party all night	While getting old, you would not party all night	 The answers are: party all night; run a marathon; stay up all night.	3	1	1	1	1	1
get old	False	NotHasSubEvent	get old. What you will not do while: get old? Name three.	run a marathon	While getting old, you would not run a marathon	 The answers are: party all night; run a marathon; stay up all night.	2	2	1	1	2	2
get old	False	NotHasSubEvent	get old. What you will not do while: get old? Name three.	stay up all night	While getting old, you would not stay up all night	 The answers are: party all night; run a marathon; stay up all night.	1	2	2	2	2	2
get in line	False	NotHasSubEvent	get in line. What you will not do while: get in line? Name three.	bypass	While getting in line, you would not bypass	 When one gets in line, they usually queue up in an orderly fashion and wait their turn. The answers are: bypass; cut; push.	1	2	2	1	2	2
get in line	False	NotHasSubEvent	get in line. What you will not do while: get in line? Name three.	cut	While getting in line, you would not cut	 When one gets in line, they usually queue up in an orderly fashion and wait their turn. The answers are: bypass; cut; push.	2	4	3	2	3	3
get in line	False	NotHasSubEvent	get in line. What you will not do while: get in line? Name three.	push	While getting in line, you would not push	 When one gets in line, they usually queue up in an orderly fashion and wait their turn. The answers are: bypass; cut; push.	1	4	3	3	3	3
comfort	False	NotHasSubEvent	comfort. What you will not do while: comfort? Name three.	sad	While comfort, you would not sad	 The act of comfort is to make someone feel better after they have experienced something bad. The answers are: sad; angry; upset.	2	1	2	1	2	2
comfort	False	NotHasSubEvent	comfort. What you will not do while: comfort? Name three.	angry	While comfort, you would not angry	 The act of comfort is to make someone feel better after they have experienced something bad. The answers are: sad; angry; upset.	2	2	2	1	2	2
comfort	False	NotHasSubEvent	comfort. What you will not do while: comfort? Name three.	upset	While comfort, you would not upset	 The act of comfort is to make someone feel better after they have experienced something bad. The answers are: sad; angry; upset.	1	1	2	1	1	1
gargle	False	NotHasSubEvent	gargle. What you will not do while: gargle? Name three.	talk	While gargle, you would not talk	 Gargling is a way to clean one's mouth or throat. The answers are: talk; eat; drink.	2	1	1	1	1	1
gargle	False	NotHasSubEvent	gargle. What you will not do while: gargle? Name three.	eat	While gargle, you would not eat	 Gargling is a way to clean one's mouth or throat. The answers are: talk; eat; drink.	1	4	2	2	1	1
gargle	False	NotHasSubEvent	gargle. What you will not do while: gargle? Name three.	drink	While gargle, you would not drink	 Gargling is a way to clean one's mouth or throat. The answers are: talk; eat; drink.	2	2	1	2	2	2
drink	False	NotHasSubEvent	drink. What you will not do while: drink? Name three.	drive	While drinking, you would not drive	 Drinking usually refers to consuming alcohol. The answers are: drive; operate heavy machinery; make important decisions.	1	4	2	1	1	1
drink	False	NotHasSubEvent	drink. What you will not do while: drink? Name three.	operate heavy machinery	While drinking, you would not operate heavy machinery	 Drinking usually refers to consuming alcohol. The answers are: drive; operate heavy machinery; make important decisions.	2	2	3	1	2	2
drink	False	NotHasSubEvent	drink. What you will not do while: drink? Name three.	make important decisions	While drinking, you would not make important decisions	 Drinking usually refers to consuming alcohol. The answers are: drive; operate heavy machinery; make important decisions.	2	2	1	1	2	2
love another	False	NotHasSubEvent	love another. What you will not do while: love another? Name three.	cry	While loving another, you would not cry	 The act of loving another usually includes feeling happy, content, and fulfilled. The answers are: cry; be angry; be jealous.	2	2	1	1	2	2
love another	False	NotHasSubEvent	love another. What you will not do while: love another? Name three.	be angry	While loving another, you would not be angry	 The act of loving another usually includes feeling happy, content, and fulfilled. The answers are: cry; be angry; be jealous.	2	4	1	2	1	1
love another	False	NotHasSubEvent	love another. What you will not do while: love another? Name three.	be jealous	While loving another, you would not be jealous	 The act of loving another usually includes feeling happy, content, and fulfilled. The answers are: cry; be angry; be jealous.	3	3	2	3	3	3
give assistance	False	NotHasSubEvent	give assistance. What you will not do while: give assistance? Name three.	sleep	While giving assistance, you would not sleep	 Giving assistance means to help someone. The answers are: sleep; watch tv; talk on the phone.	1	4	1	1	1	1
give assistance	False	NotHasSubEvent	give assistance. What you will not do while: give assistance? Name three.	watch tv	While giving assistance, you would not watch tv	 Giving assistance means to help someone. The answers are: sleep; watch tv; talk on the phone.	2	3	2	1	2	2
give assistance	False	NotHasSubEvent	give assistance. What you will not do while: give assistance? Name three.	talk on the phone	While giving assistance, you would not talk on the phone	 Giving assistance means to help someone. The answers are: sleep; watch tv; talk on the phone.	2	2	1	1	2	2
stay in bed	False	NotHasSubEvent	stay in bed. What you will not do while: stay in bed? Name three.	work	While staying in bed, you would not work	 One will not be productive while staying in bed. The answers are: work; exercise; cook.	2	2	2	2	2	2
stay in bed	False	NotHasSubEvent	stay in bed. What you will not do while: stay in bed? Name three.	exercise	While staying in bed, you would not exercise	 One will not be productive while staying in bed. The answers are: work; exercise; cook.	1	2	2	2	2	2
stay in bed	False	NotHasSubEvent	stay in bed. What you will not do while: stay in bed? Name three.	cook	While staying in bed, you would not cook	 One will not be productive while staying in bed. The answers are: work; exercise; cook.	1	2	2	2	2	2
interfere	False	NotHasSubEvent	interfere. What you will not do while: interfere? Name three.	sleep	While interfering, you would not sleep	 To interfere is to get in the way of or to become involved in something without being invited or wanted. The answers are: sleep; work; watch tv.	2	4	3	2	3	3
interfere	False	NotHasSubEvent	interfere. What you will not do while: interfere? Name three.	work	While interfering, you would not work	 To interfere is to get in the way of or to become involved in something without being invited or wanted. The answers are: sleep; work; watch tv.	3	1	4	4	3	3
interfere	False	NotHasSubEvent	interfere. What you will not do while: interfere? Name three.	watch tv	While interfering, you would not watch tv	 To interfere is to get in the way of or to become involved in something without being invited or wanted. The answers are: sleep; work; watch tv.	2	2	4	2	2	2
play chess	False	NotHasSubEvent	play chess. What you will not do while: play chess? Name three.	talk	While playing chess, you would not talk	 Playing chess requires focus and concentration. The answers are: talk; listen to music; watch television.	3	1	2	2	1	1
play chess	False	NotHasSubEvent	play chess. What you will not do while: play chess? Name three.	listen to music	While playing chess, you would not listen to music	 Playing chess requires focus and concentration. The answers are: talk; listen to music; watch television.	1	2	3	3	1	1
play chess	False	NotHasSubEvent	play chess. What you will not do while: play chess? Name three.	watch television	While playing chess, you would not watch television	 Playing chess requires focus and concentration. The answers are: talk; listen to music; watch television.	2	4	1	2	1	1
