head	relation	prompt	generated_tail	full_text	flagged_answer	raw_answer	review_1	review_2	review_3	review_4	review_5	review_6	review_7	review_8	review_9	majority_vote
PersonX gets a part time job	NotxWant	PersonX gets a part time job. What does PersonX not want to do? Name three.	to be paid in cash	PersonX gets a part time job. After, PersonX will not want to to be paid in cash	False	 to be paid in cash; to work more than 20 hours a week; to work weekends.	4	3	1	2	1	4	2	2	2	1
PersonX gets a part time job	NotxWant	PersonX gets a part time job. What does PersonX not want to do? Name three.	to work more than 20 hours a week	PersonX gets a part time job. After, PersonX will not want to to work more than 20 hours a week	False	 to be paid in cash; to work more than 20 hours a week; to work weekends.	2	2	3	2	1	1	1	1	1	1
PersonX gets a part time job	NotxWant	PersonX gets a part time job. What does PersonX not want to do? Name three.	to work weekends.	PersonX gets a part time job. After, PersonX will not want to to work weekends.	False	 to be paid in cash; to work more than 20 hours a week; to work weekends.	2	4	3	2	1	1	3	4	3	3
PersonX sees wood	NotxWant	PersonX sees wood. What does PersonX not want to do? Name three.	to burn it	PersonX sees wood. After, PersonX will not want to to burn it	False	 to burn it; to cut it; to eat it.	4	1	2	1	3	2	4	4	2	1
PersonX sees wood	NotxWant	PersonX sees wood. What does PersonX not want to do? Name three.	to cut it	PersonX sees wood. After, PersonX will not want to to cut it	False	 to burn it; to cut it; to eat it.	3	1	1	2	3	4	2	2	2	1
PersonX sees wood	NotxWant	PersonX sees wood. What does PersonX not want to do? Name three.	to eat it.	PersonX sees wood. After, PersonX will not want to to eat it.	False	 to burn it; to cut it; to eat it.	5	3	1	4	4	3	1	4	2	3
PersonX turns PersonX's music down	NotxWant	PersonX turns PersonX's music down. What does PersonX not want to do? Name three.	to hear the music	PersonX turns PersonX's music down. After, PersonX will not want to to hear the music	False	 to hear the music; to feel the music; to be surrounded by the music.	1	4	4	4	3	4	2	2	1	3
PersonX turns PersonX's music down	NotxWant	PersonX turns PersonX's music down. What does PersonX not want to do? Name three.	to feel the music	PersonX turns PersonX's music down. After, PersonX will not want to to feel the music	False	 to hear the music; to feel the music; to be surrounded by the music.	4	1	2	4	3	1	1	1	1	1
PersonX turns PersonX's music down	NotxWant	PersonX turns PersonX's music down. What does PersonX not want to do? Name three.	to be surrounded by the music.	PersonX turns PersonX's music down. After, PersonX will not want to to be surrounded by the music.	False	 to hear the music; to feel the music; to be surrounded by the music.	5	2	2	4	4	4	4	1	3	3
PersonX is coming to an end	NotxWant	PersonX is coming to an end. What does PersonX not want to do? Name three.	to finish	PersonX is coming to an end. After, PersonX will not want to to finish	False	 to finish; to leave; to continue.	4	2	3	1	2	4	1	1	2	1
PersonX is coming to an end	NotxWant	PersonX is coming to an end. What does PersonX not want to do? Name three.	to leave	PersonX is coming to an end. After, PersonX will not want to to leave	False	 to finish; to leave; to continue.	2	4	1	4	3	4	2	2	1	1
PersonX is coming to an end	NotxWant	PersonX is coming to an end. What does PersonX not want to do? Name three.	to continue.	PersonX is coming to an end. After, PersonX will not want to to continue.	False	 to finish; to leave; to continue.	1	5	2	5	2	3	2	1	4	1
PersonX touches PersonY's skin	NotxWant	PersonX touches PersonY's skin. What does PersonX not want to do? Name three.	to feel pain	PersonX touches PersonY's skin. After, PersonX will not want to to feel pain	False	 to feel pain; to feel uncomfortable; to cause injury	3	5	2	2	1	5	3	2	3	1
PersonX touches PersonY's skin	NotxWant	PersonX touches PersonY's skin. What does PersonX not want to do? Name three.	to feel uncomfortable	PersonX touches PersonY's skin. After, PersonX will not want to to feel uncomfortable	False	 to feel pain; to feel uncomfortable; to cause injury	2	5	1	2	2	3	1	2	1	1
PersonX touches PersonY's skin	NotxWant	PersonX touches PersonY's skin. What does PersonX not want to do? Name three.	to cause injury	PersonX touches PersonY's skin. After, PersonX will not want to to cause injury	False	 to feel pain; to feel uncomfortable; to cause injury	5	2	4	1	3	4	2	1	2	1
PersonX is PersonY's mother	NotxWant	PersonX is PersonY's mother. What does PersonX not want to do? Name three.	to be PersonY's mother	PersonX is PersonY's mother. After, PersonX will not want to to be PersonY's mother	False	 to be PersonY's mother; to be rejected by PersonY; to have PersonY as a daughter.	5	1	1	2	2	1	2	1	3	1
PersonX is PersonY's mother	NotxWant	PersonX is PersonY's mother. What does PersonX not want to do? Name three.	to be rejected by PersonY	PersonX is PersonY's mother. After, PersonX will not want to to be rejected by PersonY	False	 to be PersonY's mother; to be rejected by PersonY; to have PersonY as a daughter.	3	1	2	4	2	1	2	1	3	1
PersonX is PersonY's mother	NotxWant	PersonX is PersonY's mother. What does PersonX not want to do? Name three.	to have PersonY as a daughter.	PersonX is PersonY's mother. After, PersonX will not want to to have PersonY as a daughter.	False	 to be PersonY's mother; to be rejected by PersonY; to have PersonY as a daughter.	4	2	2	1	2	2	2	5	2	1
PersonX can not believe PersonX's eyes	NotxWant	PersonX can not believe PersonX's eyes. What does PersonX not want to do? Name three.	to close them	PersonX can not believe PersonX's eyes. After, PersonX will not want to to close them	False	 to close them; to turn away; to keep looking.	4	1	1	4	2	3	4	2	1	1
PersonX can not believe PersonX's eyes	NotxWant	PersonX can not believe PersonX's eyes. What does PersonX not want to do? Name three.	to turn away	PersonX can not believe PersonX's eyes. After, PersonX will not want to to turn away	False	 to close them; to turn away; to keep looking.	3	3	2	1	3	1	4	1	2	1
PersonX can not believe PersonX's eyes	NotxWant	PersonX can not believe PersonX's eyes. What does PersonX not want to do? Name three.	to keep looking.	PersonX can not believe PersonX's eyes. After, PersonX will not want to to keep looking.	False	 to close them; to turn away; to keep looking.	4	1	2	2	4	3	4	2	1	1
PersonX catches the bus to work	NotxWant	PersonX catches the bus to work. What does PersonX not want to do? Name three.	to miss the bus	PersonX catches the bus to work. After, PersonX will not want to to miss the bus	False	 to miss the bus; to be late for work; to forget their lunch.	4	3	2	3	1	5	1	2	4	1
PersonX catches the bus to work	NotxWant	PersonX catches the bus to work. What does PersonX not want to do? Name three.	to be late for work	PersonX catches the bus to work. After, PersonX will not want to to be late for work	False	 to miss the bus; to be late for work; to forget their lunch.	3	2	3	2	4	2	2	2	1	1
PersonX catches the bus to work	NotxWant	PersonX catches the bus to work. What does PersonX not want to do? Name three.	to forget their lunch.	PersonX catches the bus to work. After, PersonX will not want to to forget their lunch.	False	 to miss the bus; to be late for work; to forget their lunch.	1	2	3	3	4	2	1	1	2	1
PersonX wears gloves	NotxWant	PersonX wears gloves. What does PersonX not want to do? Name three.	to shake hands	PersonX wears gloves. After, PersonX will not want to to shake hands	False	 to shake hands; to touch someone; to pick up a hot object	2	2	4	2	2	1	2	4	2	1
PersonX wears gloves	NotxWant	PersonX wears gloves. What does PersonX not want to do? Name three.	to touch someone	PersonX wears gloves. After, PersonX will not want to to touch someone	False	 to shake hands; to touch someone; to pick up a hot object	1	2	2	3	1	1	1	1	3	1
PersonX wears gloves	NotxWant	PersonX wears gloves. What does PersonX not want to do? Name three.	to pick up a hot object	PersonX wears gloves. After, PersonX will not want to to pick up a hot object	False	 to shake hands; to touch someone; to pick up a hot object	2	2	3	4	3	2	2	2	2	1
PersonX operates in PersonY environment	NotxWant	PersonX operates in PersonY environment. What does PersonX not want to do? Name three.	to be lazy	PersonX operates in PersonY environment. After, PersonX will not want to to be lazy	False	 to be lazy; to be noisy; to be messy.	5	3	4	1	4	3	1	1	2	1
PersonX operates in PersonY environment	NotxWant	PersonX operates in PersonY environment. What does PersonX not want to do? Name three.	to be noisy	PersonX operates in PersonY environment. After, PersonX will not want to to be noisy	False	 to be lazy; to be noisy; to be messy.	3	2	3	4	3	4	2	1	1	3
PersonX operates in PersonY environment	NotxWant	PersonX operates in PersonY environment. What does PersonX not want to do? Name three.	to be messy.	PersonX operates in PersonY environment. After, PersonX will not want to to be messy.	False	 to be lazy; to be noisy; to be messy.	1	4	2	1	2	4	2	4	1	1
PersonX sees PersonY's crush	NotxReact	PersonX sees PersonY's crush. What does PersonX not feel about it? Name three.	disgusted	PersonX sees PersonY's crush. PersonX will not be disgusted	False	 disgusted; happy; amused.	3	1	4	1	2	2	1	4	2	1
PersonX sees PersonY's crush	NotxReact	PersonX sees PersonY's crush. What does PersonX not feel about it? Name three.	happy	PersonX sees PersonY's crush. PersonX will not be happy	False	 disgusted; happy; amused.	4	2	2	3	1	1	2	1	2	1
PersonX sees PersonY's crush	NotxReact	PersonX sees PersonY's crush. What does PersonX not feel about it? Name three.	amused.	PersonX sees PersonY's crush. PersonX will not be amused.	False	 disgusted; happy; amused.	2	5	3	3	4	4	2	1	1	1
PersonX watches PersonX's mouth	NotxReact	PersonX watches PersonX's mouth. What does PersonX not feel about it? Name three.	disgusted	PersonX watches PersonX's mouth. PersonX will not be disgusted	False	 disgusted; confused; scared.	4	2	2	1	1	5	2	2	2	1
PersonX watches PersonX's mouth	NotxReact	PersonX watches PersonX's mouth. What does PersonX not feel about it? Name three.	confused	PersonX watches PersonX's mouth. PersonX will not be confused	False	 disgusted; confused; scared.	2	2	3	3	2	4	4	1	2	1
PersonX watches PersonX's mouth	NotxReact	PersonX watches PersonX's mouth. What does PersonX not feel about it? Name three.	scared.	PersonX watches PersonX's mouth. PersonX will not be scared.	False	 disgusted; confused; scared.	2	2	3	2	1	3	3	1	1	1
PersonX moves past PersonY	NotxReact	PersonX moves past PersonY. What does PersonX not feel about it? Name three.	sad	PersonX moves past PersonY. PersonX will not be sad	False	 sad; regretful; nostalgic.	5	1	1	2	2	2	1	2	2	1
PersonX moves past PersonY	NotxReact	PersonX moves past PersonY. What does PersonX not feel about it? Name three.	regretful	PersonX moves past PersonY. PersonX will not be regretful	False	 sad; regretful; nostalgic.	2	5	4	2	1	2	2	2	1	1
PersonX moves past PersonY	NotxReact	PersonX moves past PersonY. What does PersonX not feel about it? Name three.	nostalgic.	PersonX moves past PersonY. PersonX will not be nostalgic.	False	 sad; regretful; nostalgic.	2	4	3	3	4	1	1	5	1	1
PersonX denies PersonY's existence	NotxReact	PersonX denies PersonY's existence. What does PersonX not feel about it? Name three.	sad	PersonX denies PersonY's existence. PersonX will not be sad	False	 sad; scared; happy.	1	1	5	4	5	2	2	3	4	1
PersonX denies PersonY's existence	NotxReact	PersonX denies PersonY's existence. What does PersonX not feel about it? Name three.	scared	PersonX denies PersonY's existence. PersonX will not be scared	False	 sad; scared; happy.	5	4	1	1	3	4	3	1	5	3
PersonX denies PersonY's existence	NotxReact	PersonX denies PersonY's existence. What does PersonX not feel about it? Name three.	happy.	PersonX denies PersonY's existence. PersonX will not be happy.	False	 sad; scared; happy.	5	1	2	3	4	4	3	1	1	1
PersonX never been to one	NotxReact	PersonX never been to one. What does PersonX not feel about it? Name three.	scared	PersonX never been to one. PersonX will not be scared	False	 scared; worried; anxious.	3	4	2	4	1	4	2	3	2	3
PersonX never been to one	NotxReact	PersonX never been to one. What does PersonX not feel about it? Name three.	worried	PersonX never been to one. PersonX will not be worried	False	 scared; worried; anxious.	4	1	1	2	3	4	2	2	2	1
PersonX never been to one	NotxReact	PersonX never been to one. What does PersonX not feel about it? Name three.	anxious.	PersonX never been to one. PersonX will not be anxious.	False	 scared; worried; anxious.	1	2	2	4	3	2	3	2	1	1
PersonX hits PersonY's friend	NotxReact	PersonX hits PersonY's friend. What does PersonX not feel about it? Name three.	remorseful	PersonX hits PersonY's friend. PersonX will not be remorseful	False	 remorseful; apologetic; concerned.	2	4	1	1	3	3	1	2	2	1
PersonX hits PersonY's friend	NotxReact	PersonX hits PersonY's friend. What does PersonX not feel about it? Name three.	apologetic	PersonX hits PersonY's friend. PersonX will not be apologetic	False	 remorseful; apologetic; concerned.	3	2	4	4	4	1	4	2	1	3
PersonX hits PersonY's friend	NotxReact	PersonX hits PersonY's friend. What does PersonX not feel about it? Name three.	concerned.	PersonX hits PersonY's friend. PersonX will not be concerned.	False	 remorseful; apologetic; concerned.	2	1	2	2	5	1	2	1	2	1
PersonX sends PersonY to the showers	NotxReact	PersonX sends PersonY to the showers. What does PersonX not feel about it? Name three.	happy	PersonX sends PersonY to the showers. PersonX will not be happy	False	 happy; amused; content.	3	5	4	1	1	2	2	2	3	1
PersonX sends PersonY to the showers	NotxReact	PersonX sends PersonY to the showers. What does PersonX not feel about it? Name three.	amused	PersonX sends PersonY to the showers. PersonX will not be amused	False	 happy; amused; content.	2	5	1	1	2	2	3	1	1	1
PersonX sends PersonY to the showers	NotxReact	PersonX sends PersonY to the showers. What does PersonX not feel about it? Name three.	content.	PersonX sends PersonY to the showers. PersonX will not be content.	False	 happy; amused; content.	2	2	3	1	3	4	3	2	3	3
PersonX fudges the issue	NotxReact	PersonX fudges the issue. What does PersonX not feel about it? Name three.	proud	PersonX fudges the issue. PersonX will not be proud	False	 proud; accomplished; happy.	1	1	4	2	2	2	3	2	1	1
PersonX fudges the issue	NotxReact	PersonX fudges the issue. What does PersonX not feel about it? Name three.	accomplished	PersonX fudges the issue. PersonX will not be accomplished	False	 proud; accomplished; happy.	2	3	2	2	3	1	2	1	3	1
PersonX fudges the issue	NotxReact	PersonX fudges the issue. What does PersonX not feel about it? Name three.	happy.	PersonX fudges the issue. PersonX will not be happy.	False	 proud; accomplished; happy.	1	2	1	4	4	1	3	3	2	1
PersonX contains PersonY number	NotxReact	PersonX contains PersonY number. What does PersonX not feel about it? Name three.	sad	PersonX contains PersonY number. PersonX will not be sad	False	 sad; angry; resentful.	2	5	2	4	4	2	2	1	2	1
PersonX contains PersonY number	NotxReact	PersonX contains PersonY number. What does PersonX not feel about it? Name three.	angry	PersonX contains PersonY number. PersonX will not be angry	False	 sad; angry; resentful.	1	3	2	3	2	1	2	2	3	1
PersonX contains PersonY number	NotxReact	PersonX contains PersonY number. What does PersonX not feel about it? Name three.	resentful.	PersonX contains PersonY number. PersonX will not be resentful.	False	 sad; angry; resentful.	5	2	2	1	1	3	1	1	3	1
PersonX breaks PersonX's hip	NotxReact	PersonX breaks PersonX's hip. What does PersonX not feel about it? Name three.	proud	PersonX breaks PersonX's hip. PersonX will not be proud	False	 proud; accomplished; happy.	2	3	2	3	3	2	1	4	2	1
PersonX breaks PersonX's hip	NotxReact	PersonX breaks PersonX's hip. What does PersonX not feel about it? Name three.	accomplished	PersonX breaks PersonX's hip. PersonX will not be accomplished	False	 proud; accomplished; happy.	3	3	4	2	4	2	4	1	3	3
PersonX breaks PersonX's hip	NotxReact	PersonX breaks PersonX's hip. What does PersonX not feel about it? Name three.	happy.	PersonX breaks PersonX's hip. PersonX will not be happy.	False	 proud; accomplished; happy.	1	3	2	5	2	2	1	2	3	1
PersonX loves riding PersonX's bike	NotoWant	PersonX loves riding PersonX's bike. What does PersonY not want to do? Name three.	take the bike away	PersonX loves riding PersonX's bike. After, others will not want to take the bike away	False	 take the bike away; break the bike; sell the bike.	1	3	2	2	1	1	5	2	2	1
PersonX loves riding PersonX's bike	NotoWant	PersonX loves riding PersonX's bike. What does PersonY not want to do? Name three.	break the bike	PersonX loves riding PersonX's bike. After, others will not want to break the bike	False	 take the bike away; break the bike; sell the bike.	2	2	3	2	5	3	1	2	1	1
PersonX loves riding PersonX's bike	NotoWant	PersonX loves riding PersonX's bike. What does PersonY not want to do? Name three.	sell the bike.	PersonX loves riding PersonX's bike. After, others will not want to sell the bike.	False	 take the bike away; break the bike; sell the bike.	4	3	4	3	2	4	1	2	3	3
PersonX is making a cake	NotoWant	PersonX is making a cake. What does PersonY not want to do? Name three.	put the cake in the oven	PersonX is making a cake. After, others will not want to put the cake in the oven	False	 put the cake in the oven; lick the spoon; wait for the cake to bake	1	2	2	3	3	1	4	5	1	1
PersonX is making a cake	NotoWant	PersonX is making a cake. What does PersonY not want to do? Name three.	lick the spoon	PersonX is making a cake. After, others will not want to lick the spoon	False	 put the cake in the oven; lick the spoon; wait for the cake to bake	3	3	1	2	2	2	4	3	2	1
PersonX is making a cake	NotoWant	PersonX is making a cake. What does PersonY not want to do? Name three.	wait for the cake to bake	PersonX is making a cake. After, others will not want to wait for the cake to bake	False	 put the cake in the oven; lick the spoon; wait for the cake to bake	5	3	3	2	4	2	3	2	4	3
PersonX wins money	NotoWant	PersonX wins money. What does PersonY not want to do? Name three.	to help	PersonX wins money. After, others will not want to to help	False	 to help; to spend; to be happy.	4	5	3	3	2	3	2	2	3	3
PersonX wins money	NotoWant	PersonX wins money. What does PersonY not want to do? Name three.	to spend	PersonX wins money. After, others will not want to to spend	False	 to help; to spend; to be happy.	1	2	2	2	2	3	2	4	4	1
PersonX wins money	NotoWant	PersonX wins money. What does PersonY not want to do? Name three.	to be happy.	PersonX wins money. After, others will not want to to be happy.	False	 to help; to spend; to be happy.	3	1	3	2	4	3	1	2	4	3
PersonX escorts PersonY back	NotoWant	PersonX escorts PersonY back. What does PersonY not want to do? Name three.	to go home	PersonX escorts PersonY back. After, others will not want to to go home	False	 to go home; to stay; to be escorted.	1	3	4	4	1	4	1	4	2	3
PersonX escorts PersonY back	NotoWant	PersonX escorts PersonY back. What does PersonY not want to do? Name three.	to stay	PersonX escorts PersonY back. After, others will not want to to stay	False	 to go home; to stay; to be escorted.	3	2	2	1	4	5	2	4	3	1
PersonX escorts PersonY back	NotoWant	PersonX escorts PersonY back. What does PersonY not want to do? Name three.	to be escorted.	PersonX escorts PersonY back. After, others will not want to to be escorted.	False	 to go home; to stay; to be escorted.	2	2	1	2	2	2	1	3	1	1
PersonX wraps PersonY's hand	NotoWant	PersonX wraps PersonY's hand. What does PersonY not want to do? Name three.	to touch	PersonX wraps PersonY's hand. After, others will not want to to touch	False	 to touch; to feel; to move	2	1	1	1	2	3	4	1	2	1
PersonX wraps PersonY's hand	NotoWant	PersonX wraps PersonY's hand. What does PersonY not want to do? Name three.	to feel	PersonX wraps PersonY's hand. After, others will not want to to feel	False	 to touch; to feel; to move	3	2	2	4	4	3	2	3	4	3
PersonX wraps PersonY's hand	NotoWant	PersonX wraps PersonY's hand. What does PersonY not want to do? Name three.	to move	PersonX wraps PersonY's hand. After, others will not want to to move	False	 to touch; to feel; to move	2	1	4	1	3	2	1	3	2	1
PersonX falls on PersonY	NotoWant	PersonX falls on PersonY. What does PersonY not want to do? Name three.	to help	PersonX falls on PersonY. After, others will not want to to help	False	 to help; to laugh; to get up.	2	2	2	2	2	4	5	2	2	1
PersonX falls on PersonY	NotoWant	PersonX falls on PersonY. What does PersonY not want to do? Name three.	to laugh	PersonX falls on PersonY. After, others will not want to to laugh	False	 to help; to laugh; to get up.	3	3	2	2	2	3	2	1	1	1
PersonX falls on PersonY	NotoWant	PersonX falls on PersonY. What does PersonY not want to do? Name three.	to get up.	PersonX falls on PersonY. After, others will not want to to get up.	False	 to help; to laugh; to get up.	2	1	2	4	1	1	2	2	2	1
PersonX throws some bread	NotoWant	PersonX throws some bread. What does PersonY not want to do? Name three.	to cat	PersonX throws some bread. After, others will not want to to cat	False	 to cat; to dog; to duck.	2	2	2	2	1	3	2	1	2	1
PersonX throws some bread	NotoWant	PersonX throws some bread. What does PersonY not want to do? Name three.	to dog	PersonX throws some bread. After, others will not want to to dog	False	 to cat; to dog; to duck.	2	2	3	2	2	4	5	1	4	1
PersonX throws some bread	NotoWant	PersonX throws some bread. What does PersonY not want to do? Name three.	to duck.	PersonX throws some bread. After, others will not want to to duck.	False	 to cat; to dog; to duck.	2	2	2	2	2	4	4	1	2	1
PersonX stings by a jellyfish	NotoWant	PersonX stings by a jellyfish. What does PersonY not want to do? Name three.	to laugh	PersonX stings by a jellyfish. After, others will not want to to laugh	False	 to laugh; to cry; to feel pain.	1	1	4	2	4	2	2	4	2	1
PersonX stings by a jellyfish	NotoWant	PersonX stings by a jellyfish. What does PersonY not want to do? Name three.	to cry	PersonX stings by a jellyfish. After, others will not want to to cry	False	 to laugh; to cry; to feel pain.	4	2	1	2	5	4	2	1	2	1
PersonX stings by a jellyfish	NotoWant	PersonX stings by a jellyfish. What does PersonY not want to do? Name three.	to feel pain.	PersonX stings by a jellyfish. After, others will not want to to feel pain.	False	 to laugh; to cry; to feel pain.	2	3	3	1	2	1	4	2	2	1
PersonX develops cancer	NotoWant	PersonX develops cancer. What does PersonY not want to do? Name three.	to watch PersonX suffer	PersonX develops cancer. After, others will not want to to watch PersonX suffer	False	 to watch PersonX suffer; to see PersonX in pain; to be helpless.	2	4	2	1	3	2	2	1	1	1
PersonX develops cancer	NotoWant	PersonX develops cancer. What does PersonY not want to do? Name three.	to see PersonX in pain	PersonX develops cancer. After, others will not want to to see PersonX in pain	False	 to watch PersonX suffer; to see PersonX in pain; to be helpless.	1	2	2	2	1	2	2	2	1	1
PersonX develops cancer	NotoWant	PersonX develops cancer. What does PersonY not want to do? Name three.	to be helpless.	PersonX develops cancer. After, others will not want to to be helpless.	False	 to watch PersonX suffer; to see PersonX in pain; to be helpless.	3	4	2	1	4	1	3	4	3	3
PersonX tells PersonY a little	NotoWant	PersonX tells PersonY a little. What does PersonY not want to do? Name three.	to listen	PersonX tells PersonY a little. After, others will not want to to listen	False	 to listen; to hear; to know.	2	2	3	1	2	5	2	4	2	1
PersonX tells PersonY a little	NotoWant	PersonX tells PersonY a little. What does PersonY not want to do? Name three.	to hear	PersonX tells PersonY a little. After, others will not want to to hear	False	 to listen; to hear; to know.	1	2	3	3	1	4	3	4	1	3
PersonX tells PersonY a little	NotoWant	PersonX tells PersonY a little. What does PersonY not want to do? Name three.	to know.	PersonX tells PersonY a little. After, others will not want to to know.	False	 to listen; to hear; to know.	5	1	2	1	4	3	2	2	2	1
detective	NotCapableOf	What is detective not capable of? Name three.	flying	detective cannot flying	False	 flying; being in two places at once; reading minds.	2	2	2	2	5	3	1	2	3	1
detective	NotCapableOf	What is detective not capable of? Name three.	being in two places at once	detective cannot being in two places at once	False	 flying; being in two places at once; reading minds.	4	4	1	3	1	4	2	3	1	3
detective	NotCapableOf	What is detective not capable of? Name three.	reading minds.	detective cannot reading minds.	False	 flying; being in two places at once; reading minds.	2	1	4	1	2	3	2	2	2	1
wet dog	NotCapableOf	What is wet dog not capable of? Name three.	flying	wet dog cannot flying	False	 flying; swimming; meowing	2	4	2	2	2	1	1	4	1	1
wet dog	NotCapableOf	What is wet dog not capable of? Name three.	swimming	wet dog cannot swimming	False	 flying; swimming; meowing	3	2	3	2	3	3	1	2	1	1
wet dog	NotCapableOf	What is wet dog not capable of? Name three.	meowing	wet dog cannot meowing	False	 flying; swimming; meowing	3	4	3	2	1	2	1	5	2	1
quaterback	NotCapableOf	What is quaterback not capable of? Name three.	wide receiver	quaterback cannot wide receiver	False	 wide receiver; running back; tight end.	1	5	1	4	3	3	2	4	3	3
quaterback	NotCapableOf	What is quaterback not capable of? Name three.	running back	quaterback cannot running back	False	 wide receiver; running back; tight end.	2	2	3	2	4	1	4	2	3	1
quaterback	NotCapableOf	What is quaterback not capable of? Name three.	tight end.	quaterback cannot tight end.	False	 wide receiver; running back; tight end.	5	2	1	2	2	2	4	2	1	1
dentist	NotCapableOf	What is dentist not capable of? Name three.	to fix a broken bone	dentist cannot to fix a broken bone	False	 to fix a broken bone; to change a car's oil; to give birth.	1	3	3	3	3	2	2	2	1	1
dentist	NotCapableOf	What is dentist not capable of? Name three.	to change a car's oil	dentist cannot to change a car's oil	False	 to fix a broken bone; to change a car's oil; to give birth.	4	2	2	2	4	3	3	2	1	1
dentist	NotCapableOf	What is dentist not capable of? Name three.	to give birth.	dentist cannot to give birth.	False	 to fix a broken bone; to change a car's oil; to give birth.	4	2	2	3	5	2	1	1	3	1
oscar winner	NotCapableOf	What is oscar winner not capable of? Name three.	to win an Academy Award	oscar winner cannot to win an Academy Award	False	 to win an Academy Award; to be a successful actor; to be a good person.	3	3	2	3	2	3	2	3	3	3
oscar winner	NotCapableOf	What is oscar winner not capable of? Name three.	to be a successful actor	oscar winner cannot to be a successful actor	False	 to win an Academy Award; to be a successful actor; to be a good person.	2	2	4	1	3	2	3	2	1	1
oscar winner	NotCapableOf	What is oscar winner not capable of? Name three.	to be a good person.	oscar winner cannot to be a good person.	False	 to win an Academy Award; to be a successful actor; to be a good person.	3	2	3	3	4	2	2	1	3	3
possum	NotCapableOf	What is possum not capable of? Name three.	flying	possum cannot flying	False	 flying; swimming; reading	1	1	2	2	3	4	2	2	2	1
possum	NotCapableOf	What is possum not capable of? Name three.	swimming	possum cannot swimming	False	 flying; swimming; reading	4	2	1	4	2	1	4	1	3	1
possum	NotCapableOf	What is possum not capable of? Name three.	reading	possum cannot reading	False	 flying; swimming; reading	1	4	2	1	5	1	2	2	1	1
supermodel	NotCapableOf	What is supermodel not capable of? Name three.	to fly	supermodel cannot to fly	False	 to fly; to walk on water; to breathe under water.	1	1	3	1	3	2	2	2	4	1
supermodel	NotCapableOf	What is supermodel not capable of? Name three.	to walk on water	supermodel cannot to walk on water	False	 to fly; to walk on water; to breathe under water.	3	2	3	4	2	1	1	1	1	1
supermodel	NotCapableOf	What is supermodel not capable of? Name three.	to breathe under water.	supermodel cannot to breathe under water.	False	 to fly; to walk on water; to breathe under water.	1	2	3	2	4	1	1	1	4	1
alto	NotCapableOf	What is alto not capable of? Name three.	a soprano	alto cannot a soprano	False	 a soprano; a baritone; a bass.	2	4	2	2	3	2	1	1	3	1
alto	NotCapableOf	What is alto not capable of? Name three.	a baritone	alto cannot a baritone	False	 a soprano; a baritone; a bass.	3	2	4	3	4	1	4	2	4	3
alto	NotCapableOf	What is alto not capable of? Name three.	a bass.	alto cannot a bass.	False	 a soprano; a baritone; a bass.	2	2	4	4	3	2	1	1	2	1
energetic person	NotCapableOf	What is energetic person not capable of? Name three.	to sit still	energetic person cannot to sit still	False	 to sit still; to be patient; to be calm.	5	5	2	2	3	4	2	2	4	1
energetic person	NotCapableOf	What is energetic person not capable of? Name three.	to be patient	energetic person cannot to be patient	False	 to sit still; to be patient; to be calm.	1	3	2	4	2	2	1	2	2	1
energetic person	NotCapableOf	What is energetic person not capable of? Name three.	to be calm.	energetic person cannot to be calm.	False	 to sit still; to be patient; to be calm.	2	3	2	1	2	2	1	2	1	1
salior	NotCapableOf	What is salior not capable of? Name three.	swimming	salior cannot swimming	False	 swimming; eating; walking.	2	3	2	2	3	3	2	3	3	3
salior	NotCapableOf	What is salior not capable of? Name three.	eating	salior cannot eating	False	 swimming; eating; walking.	5	2	3	4	2	2	1	2	2	1
salior	NotCapableOf	What is salior not capable of? Name three.	walking.	salior cannot walking.	False	 swimming; eating; walking.	2	3	3	2	1	4	2	1	2	1
terrorist	NotDesires	What does terrorist not desire to do? Name three.	to kill innocent people	terrorist does not desire to kill innocent people	False	 to kill innocent people; to destroy property; to disrupt the lives of others	1	3	2	3	3	2	1	1	2	1
terrorist	NotDesires	What does terrorist not desire to do? Name three.	to destroy property	terrorist does not desire to destroy property	False	 to kill innocent people; to destroy property; to disrupt the lives of others	2	3	2	2	2	1	3	1	2	1
terrorist	NotDesires	What does terrorist not desire to do? Name three.	to disrupt the lives of others	terrorist does not desire to disrupt the lives of others	False	 to kill innocent people; to destroy property; to disrupt the lives of others	2	2	4	3	3	3	2	2	4	3
exhibitionist	NotDesires	What does exhibitionist not desire to do? Name three.	to be seen	exhibitionist does not desire to be seen	False	 to be seen; to be alone; to be in public.	1	3	2	4	5	3	3	3	2	3
exhibitionist	NotDesires	What does exhibitionist not desire to do? Name three.	to be alone	exhibitionist does not desire to be alone	False	 to be seen; to be alone; to be in public.	5	3	2	2	2	1	2	3	1	1
exhibitionist	NotDesires	What does exhibitionist not desire to do? Name three.	to be in public.	exhibitionist does not desire to be in public.	False	 to be seen; to be alone; to be in public.	4	2	3	5	2	2	2	2	2	1
lover	NotDesires	What does lover not desire to do? Name three.	to leave	lover does not desire to leave	False	 to leave; to hurt; to be ignored.	2	4	2	3	3	3	2	2	1	1
lover	NotDesires	What does lover not desire to do? Name three.	to hurt	lover does not desire to hurt	False	 to leave; to hurt; to be ignored.	1	1	2	3	2	3	1	1	3	1
lover	NotDesires	What does lover not desire to do? Name three.	to be ignored.	lover does not desire to be ignored.	False	 to leave; to hurt; to be ignored.	4	2	5	1	4	3	2	2	1	1
pedobear	NotDesires	What does pedobear not desire to do? Name three.	have sex with children	pedobear does not desire have sex with children	False	 have sex with children; kidnap children; hurt children.	2	4	3	3	2	1	3	1	2	1
pedobear	NotDesires	What does pedobear not desire to do? Name three.	kidnap children	pedobear does not desire kidnap children	False	 have sex with children; kidnap children; hurt children.	2	3	5	4	1	2	2	4	2	1
pedobear	NotDesires	What does pedobear not desire to do? Name three.	hurt children.	pedobear does not desire hurt children.	False	 have sex with children; kidnap children; hurt children.	4	1	4	2	3	3	2	3	4	3
alcoholic	NotDesires	What does alcoholic not desire to do? Name three.	To drink alcohol	alcoholic does not desire To drink alcohol	False	 To drink alcohol; To be around others drinking alcohol; To be sober.	3	1	1	1	3	1	4	2	2	1
alcoholic	NotDesires	What does alcoholic not desire to do? Name three.	To be around others drinking alcohol	alcoholic does not desire To be around others drinking alcohol	False	 To drink alcohol; To be around others drinking alcohol; To be sober.	3	2	1	1	4	1	2	1	3	1
alcoholic	NotDesires	What does alcoholic not desire to do? Name three.	To be sober.	alcoholic does not desire To be sober.	False	 To drink alcohol; To be around others drinking alcohol; To be sober.	2	1	4	1	3	2	1	1	2	1
gardener	NotDesires	What does gardener not desire to do? Name three.	to water the plants	gardener does not desire to water the plants	False	 to water the plants; to fertilize the plants; to weed the garden.	3	2	3	2	3	3	2	3	2	3
gardener	NotDesires	What does gardener not desire to do? Name three.	to fertilize the plants	gardener does not desire to fertilize the plants	False	 to water the plants; to fertilize the plants; to weed the garden.	2	2	1	2	3	1	2	1	2	1
gardener	NotDesires	What does gardener not desire to do? Name three.	to weed the garden.	gardener does not desire to weed the garden.	False	 to water the plants; to fertilize the plants; to weed the garden.	3	4	1	1	4	4	4	1	3	3
teenager	NotDesires	What does teenager not desire to do? Name three.	go to bed early	teenager does not desire go to bed early	False	 go to bed early; do homework; wake up early.	4	1	1	2	3	2	3	4	1	1
teenager	NotDesires	What does teenager not desire to do? Name three.	do homework	teenager does not desire do homework	False	 go to bed early; do homework; wake up early.	4	2	1	2	3	2	2	1	4	1
teenager	NotDesires	What does teenager not desire to do? Name three.	wake up early.	teenager does not desire wake up early.	False	 go to bed early; do homework; wake up early.	2	2	2	1	3	2	1	2	1	1
hen	NotDesires	What does hen not desire to do? Name three.	to lay eggs	hen does not desire to lay eggs	False	 to lay eggs; to be with rooster; to be in a coop	2	2	2	4	3	3	3	3	5	3
hen	NotDesires	What does hen not desire to do? Name three.	to be with rooster	hen does not desire to be with rooster	False	 to lay eggs; to be with rooster; to be in a coop	2	4	3	4	2	2	1	3	1	1
hen	NotDesires	What does hen not desire to do? Name three.	to be in a coop	hen does not desire to be in a coop	False	 to lay eggs; to be with rooster; to be in a coop	4	2	4	2	2	4	3	2	1	1
detective	NotDesires	What does detective not desire to do? Name three.	to find the murderer	detective does not desire to find the murderer	False	 to find the murderer; to catch the murderer; to solve the case.	1	1	2	3	2	2	1	1	3	1
detective	NotDesires	What does detective not desire to do? Name three.	to catch the murderer	detective does not desire to catch the murderer	False	 to find the murderer; to catch the murderer; to solve the case.	2	4	2	2	3	5	1	4	2	1
detective	NotDesires	What does detective not desire to do? Name three.	to solve the case.	detective does not desire to solve the case.	False	 to find the murderer; to catch the murderer; to solve the case.	2	4	1	2	2	2	2	1	2	1
aol	NotDesires	What does aol not desire to do? Name three.	to increase its user base	aol does not desire to increase its user base	False	 to increase its user base; to improve its reputation; to make more money.	2	2	2	2	2	4	2	1	2	1
aol	NotDesires	What does aol not desire to do? Name three.	to improve its reputation	aol does not desire to improve its reputation	False	 to increase its user base; to improve its reputation; to make more money.	2	1	2	4	3	2	2	1	1	1
aol	NotDesires	What does aol not desire to do? Name three.	to make more money.	aol does not desire to make more money.	False	 to increase its user base; to improve its reputation; to make more money.	3	4	2	3	1	2	2	2	3	1
PersonX enters an art contest	NotHinderedBy	PersonX enters an art contest. What cannot hinder/obstruct it? Name three.	a pencil	PersonX enters an art contest. This happens even if a pencil	False	 a pencil; a canvas; a paintbrush.	1	4	2	2	2	1	1	1	2	1
PersonX enters an art contest	NotHinderedBy	PersonX enters an art contest. What cannot hinder/obstruct it? Name three.	a canvas	PersonX enters an art contest. This happens even if a canvas	False	 a pencil; a canvas; a paintbrush.	2	2	2	2	2	2	1	1	2	1
PersonX enters an art contest	NotHinderedBy	PersonX enters an art contest. What cannot hinder/obstruct it? Name three.	a paintbrush.	PersonX enters an art contest. This happens even if a paintbrush.	False	 a pencil; a canvas; a paintbrush.	1	4	4	2	2	1	4	3	2	1
PersonX spends time	NotHinderedBy	PersonX spends time. What cannot hinder/obstruct it? Name three.	homework	PersonX spends time. This happens even if homework	False	 homework; a job; family.	1	2	3	1	3	4	1	4	2	1
PersonX spends time	NotHinderedBy	PersonX spends time. What cannot hinder/obstruct it? Name three.	a job	PersonX spends time. This happens even if a job	False	 homework; a job; family.	2	4	4	4	2	2	3	2	4	3
PersonX spends time	NotHinderedBy	PersonX spends time. What cannot hinder/obstruct it? Name three.	family.	PersonX spends time. This happens even if family.	False	 homework; a job; family.	4	4	2	2	3	1	4	1	2	1
PersonX gives PersonY another	NotHinderedBy	PersonX gives PersonY another. What cannot hinder/obstruct it? Name three.	a large object	PersonX gives PersonY another. This happens even if a large object	False	 a large object; a small object; an object in-between.	3	1	3	1	4	2	2	3	1	1
PersonX gives PersonY another	NotHinderedBy	PersonX gives PersonY another. What cannot hinder/obstruct it? Name three.	a small object	PersonX gives PersonY another. This happens even if a small object	False	 a large object; a small object; an object in-between.	4	4	1	4	1	2	1	1	1	1
PersonX gives PersonY another	NotHinderedBy	PersonX gives PersonY another. What cannot hinder/obstruct it? Name three.	an object in-between.	PersonX gives PersonY another. This happens even if an object in-between.	False	 a large object; a small object; an object in-between.	2	1	4	3	2	2	1	2	4	1
PersonX sees PersonY night	NotHinderedBy	PersonX sees PersonY night. What cannot hinder/obstruct it? Name three.	the darkness	PersonX sees PersonY night. This happens even if the darkness	False	 the darkness; the light; being blind.	3	4	3	3	1	3	2	3	2	3
PersonX sees PersonY night	NotHinderedBy	PersonX sees PersonY night. What cannot hinder/obstruct it? Name three.	the light	PersonX sees PersonY night. This happens even if the light	False	 the darkness; the light; being blind.	4	4	1	1	3	1	2	2	2	1
PersonX sees PersonY night	NotHinderedBy	PersonX sees PersonY night. What cannot hinder/obstruct it? Name three.	being blind.	PersonX sees PersonY night. This happens even if being blind.	False	 the darkness; the light; being blind.	1	4	2	2	3	1	1	2	3	1
PersonX changes PersonY's diaper	NotHinderedBy	PersonX changes PersonY's diaper. What cannot hinder/obstruct it? Name three.	a full bladder	PersonX changes PersonY's diaper. This happens even if a full bladder	False	 a full bladder; a bad mood; an unwillingness to do so.	4	1	3	3	4	3	1	4	1	3
PersonX changes PersonY's diaper	NotHinderedBy	PersonX changes PersonY's diaper. What cannot hinder/obstruct it? Name three.	a bad mood	PersonX changes PersonY's diaper. This happens even if a bad mood	False	 a full bladder; a bad mood; an unwillingness to do so.	3	1	2	4	2	4	4	2	4	3
PersonX changes PersonY's diaper	NotHinderedBy	PersonX changes PersonY's diaper. What cannot hinder/obstruct it? Name three.	an unwillingness to do so.	PersonX changes PersonY's diaper. This happens even if an unwillingness to do so.	False	 a full bladder; a bad mood; an unwillingness to do so.	2	2	2	1	2	3	1	1	4	1
PersonX is having a party at PersonX's house	NotHinderedBy	PersonX is having a party at PersonX's house. What cannot hinder/obstruct it? Name three.	the weather	PersonX is having a party at PersonX's house. This happens even if the weather	False	 the weather; the police; a fire.	1	3	2	4	1	2	2	2	1	1
PersonX is having a party at PersonX's house	NotHinderedBy	PersonX is having a party at PersonX's house. What cannot hinder/obstruct it? Name three.	the police	PersonX is having a party at PersonX's house. This happens even if the police	False	 the weather; the police; a fire.	4	4	2	2	4	1	1	3	1	1
PersonX is having a party at PersonX's house	NotHinderedBy	PersonX is having a party at PersonX's house. What cannot hinder/obstruct it? Name three.	a fire.	PersonX is having a party at PersonX's house. This happens even if a fire.	False	 the weather; the police; a fire.	3	2	4	2	1	2	3	2	2	1
PersonX pulls out all the stops	NotHinderedBy	PersonX pulls out all the stops. What cannot hinder/obstruct it? Name three.	a locked door	PersonX pulls out all the stops. This happens even if a locked door	False	 a locked door; a person; a wall	4	3	4	1	4	4	2	1	1	3
PersonX pulls out all the stops	NotHinderedBy	PersonX pulls out all the stops. What cannot hinder/obstruct it? Name three.	a person	PersonX pulls out all the stops. This happens even if a person	False	 a locked door; a person; a wall	4	2	3	2	1	4	1	1	2	1
PersonX pulls out all the stops	NotHinderedBy	PersonX pulls out all the stops. What cannot hinder/obstruct it? Name three.	a wall	PersonX pulls out all the stops. This happens even if a wall	False	 a locked door; a person; a wall	2	2	4	2	2	1	2	4	2	1
PersonX looks in the pantry	NotHinderedBy	PersonX looks in the pantry. What cannot hinder/obstruct it? Name three.	a sink	PersonX looks in the pantry. This happens even if a sink	False	 a sink; a cat; a closed door.	4	3	3	2	2	2	2	2	1	1
PersonX looks in the pantry	NotHinderedBy	PersonX looks in the pantry. What cannot hinder/obstruct it? Name three.	a cat	PersonX looks in the pantry. This happens even if a cat	False	 a sink; a cat; a closed door.	4	2	3	2	1	1	2	4	2	1
PersonX looks in the pantry	NotHinderedBy	PersonX looks in the pantry. What cannot hinder/obstruct it? Name three.	a closed door.	PersonX looks in the pantry. This happens even if a closed door.	False	 a sink; a cat; a closed door.	3	2	3	2	2	2	1	1	2	1
PersonX brushes PersonY's hair	NotHinderedBy	PersonX brushes PersonY's hair. What cannot hinder/obstruct it? Name three.	a wall	PersonX brushes PersonY's hair. This happens even if a wall	False	 a wall; a table; a person	4	3	2	3	2	2	1	2	3	1
PersonX brushes PersonY's hair	NotHinderedBy	PersonX brushes PersonY's hair. What cannot hinder/obstruct it? Name three.	a table	PersonX brushes PersonY's hair. This happens even if a table	False	 a wall; a table; a person	4	4	2	3	2	2	4	1	3	3
PersonX brushes PersonY's hair	NotHinderedBy	PersonX brushes PersonY's hair. What cannot hinder/obstruct it? Name three.	a person	PersonX brushes PersonY's hair. This happens even if a person	False	 a wall; a table; a person	2	3	2	2	1	3	4	2	2	1
PersonX invites PersonY to play	NotHinderedBy	PersonX invites PersonY to play. What cannot hinder/obstruct it? Name three.	if PersonY is busy	PersonX invites PersonY to play. This happens even if if PersonY is busy	False	 if PersonY is busy; if PersonY is tired; if PersonY does not want to play.	1	2	3	4	1	1	5	3	2	1
PersonX invites PersonY to play	NotHinderedBy	PersonX invites PersonY to play. What cannot hinder/obstruct it? Name three.	if PersonY is tired	PersonX invites PersonY to play. This happens even if if PersonY is tired	False	 if PersonY is busy; if PersonY is tired; if PersonY does not want to play.	1	2	3	2	2	2	3	3	2	1
PersonX invites PersonY to play	NotHinderedBy	PersonX invites PersonY to play. What cannot hinder/obstruct it? Name three.	if PersonY does not want to play.	PersonX invites PersonY to play. This happens even if if PersonY does not want to play.	False	 if PersonY is busy; if PersonY is tired; if PersonY does not want to play.	1	4	1	3	1	2	1	2	2	1
PersonX eats it	NotisBefore	PersonX eats it. What does not happen before it? Name three.	PersonX is born	PersonX eats it. After that, does not usually PersonX is born	False	 PersonX is born; PersonX dies; PersonX eats.	2	3	2	3	2	2	2	2	2	1
PersonX eats it	NotisBefore	PersonX eats it. What does not happen before it? Name three.	PersonX dies	PersonX eats it. After that, does not usually PersonX dies	False	 PersonX is born; PersonX dies; PersonX eats.	3	4	3	2	2	3	1	1	4	3
PersonX eats it	NotisBefore	PersonX eats it. What does not happen before it? Name three.	PersonX eats.	PersonX eats it. After that, does not usually PersonX eats.	False	 PersonX is born; PersonX dies; PersonX eats.	3	5	4	1	2	1	3	3	3	3
PersonX sends PersonY a gift	NotisBefore	PersonX sends PersonY a gift. What does not happen before it? Name three.	PersonX wrapping the gift	PersonX sends PersonY a gift. After that, does not usually PersonX wrapping the gift	False	 PersonX wrapping the gift; PersonX buying the gift; PersonY receiving the gift.	3	4	2	4	2	2	1	2	2	1
PersonX sends PersonY a gift	NotisBefore	PersonX sends PersonY a gift. What does not happen before it? Name three.	PersonX buying the gift	PersonX sends PersonY a gift. After that, does not usually PersonX buying the gift	False	 PersonX wrapping the gift; PersonX buying the gift; PersonY receiving the gift.	3	4	2	3	4	3	5	2	1	3
PersonX sends PersonY a gift	NotisBefore	PersonX sends PersonY a gift. What does not happen before it? Name three.	PersonY receiving the gift.	PersonX sends PersonY a gift. After that, does not usually PersonY receiving the gift.	False	 PersonX wrapping the gift; PersonX buying the gift; PersonY receiving the gift.	3	3	3	2	4	3	2	1	1	3
PersonX finishes the book last night	NotisBefore	PersonX finishes the book last night. What does not happen before it? Name three.	PersonX starts the book	PersonX finishes the book last night. After that, does not usually PersonX starts the book	False	 PersonX starts the book; PersonX reads the book; PersonX buys the book.	1	3	2	2	2	4	2	3	1	1
PersonX finishes the book last night	NotisBefore	PersonX finishes the book last night. What does not happen before it? Name three.	PersonX reads the book	PersonX finishes the book last night. After that, does not usually PersonX reads the book	False	 PersonX starts the book; PersonX reads the book; PersonX buys the book.	3	4	2	5	4	2	3	2	1	1
PersonX finishes the book last night	NotisBefore	PersonX finishes the book last night. What does not happen before it? Name three.	PersonX buys the book.	PersonX finishes the book last night. After that, does not usually PersonX buys the book.	False	 PersonX starts the book; PersonX reads the book; PersonX buys the book.	2	3	3	3	3	2	2	2	4	3
PersonX makes PersonY's arrangements	NotisBefore	PersonX makes PersonY's arrangements. What does not happen before it? Name three.	PersonY arrives	PersonX makes PersonY's arrangements. After that, does not usually PersonY arrives	False	 PersonY arrives; PersonX leaves; PersonX calls.	4	2	2	2	1	2	3	2	4	1
PersonX makes PersonY's arrangements	NotisBefore	PersonX makes PersonY's arrangements. What does not happen before it? Name three.	PersonX leaves	PersonX makes PersonY's arrangements. After that, does not usually PersonX leaves	False	 PersonY arrives; PersonX leaves; PersonX calls.	2	1	2	4	2	4	2	2	3	1
PersonX makes PersonY's arrangements	NotisBefore	PersonX makes PersonY's arrangements. What does not happen before it? Name three.	PersonX calls.	PersonX makes PersonY's arrangements. After that, does not usually PersonX calls.	False	 PersonY arrives; PersonX leaves; PersonX calls.	2	1	4	1	1	2	4	2	1	1
PersonX has a better idea	NotisBefore	PersonX has a better idea. What does not happen before it? Name three.	PersonX is born	PersonX has a better idea. After that, does not usually PersonX is born	False	 PersonX is born; PersonX dies; PersonX learns to talk.	2	2	1	2	3	4	1	1	2	1
PersonX has a better idea	NotisBefore	PersonX has a better idea. What does not happen before it? Name three.	PersonX dies	PersonX has a better idea. After that, does not usually PersonX dies	False	 PersonX is born; PersonX dies; PersonX learns to talk.	3	2	3	2	2	3	3	2	4	3
PersonX has a better idea	NotisBefore	PersonX has a better idea. What does not happen before it? Name three.	PersonX learns to talk.	PersonX has a better idea. After that, does not usually PersonX learns to talk.	False	 PersonX is born; PersonX dies; PersonX learns to talk.	2	4	5	3	2	4	1	2	1	1
PersonX keeps PersonX's head down	NotisBefore	PersonX keeps PersonX's head down. What does not happen before it? Name three.	PersonX falls	PersonX keeps PersonX's head down. After that, does not usually PersonX falls	False	 PersonX falls; PersonX gets up; PersonX looks around.	2	2	3	3	2	4	2	1	1	1
PersonX keeps PersonX's head down	NotisBefore	PersonX keeps PersonX's head down. What does not happen before it? Name three.	PersonX gets up	PersonX keeps PersonX's head down. After that, does not usually PersonX gets up	False	 PersonX falls; PersonX gets up; PersonX looks around.	5	4	2	1	3	3	2	2	1	1
PersonX keeps PersonX's head down	NotisBefore	PersonX keeps PersonX's head down. What does not happen before it? Name three.	PersonX looks around.	PersonX keeps PersonX's head down. After that, does not usually PersonX looks around.	False	 PersonX falls; PersonX gets up; PersonX looks around.	4	4	3	1	2	5	4	4	4	3
PersonX walks into PersonY's room	NotisBefore	PersonX walks into PersonY's room. What does not happen before it? Name three.	PersonX asks for permission	PersonX walks into PersonY's room. After that, does not usually PersonX asks for permission	False	 PersonX asks for permission; PersonX knocks; PersonX waits for a response.	2	3	1	1	2	1	4	1	1	1
PersonX walks into PersonY's room	NotisBefore	PersonX walks into PersonY's room. What does not happen before it? Name three.	PersonX knocks	PersonX walks into PersonY's room. After that, does not usually PersonX knocks	False	 PersonX asks for permission; PersonX knocks; PersonX waits for a response.	5	2	2	2	2	2	1	3	2	1
PersonX walks into PersonY's room	NotisBefore	PersonX walks into PersonY's room. What does not happen before it? Name three.	PersonX waits for a response.	PersonX walks into PersonY's room. After that, does not usually PersonX waits for a response.	False	 PersonX asks for permission; PersonX knocks; PersonX waits for a response.	2	2	1	2	2	4	2	2	1	1
PersonX makes decisions based	NotisBefore	PersonX makes decisions based. What does not happen before it? Name three.	to listen to others	PersonX makes decisions based. After that, does not usually to listen to others	False	 to listen to others; to read; to think.	4	2	3	1	2	2	4	3	2	1
PersonX makes decisions based	NotisBefore	PersonX makes decisions based. What does not happen before it? Name three.	to read	PersonX makes decisions based. After that, does not usually to read	False	 to listen to others; to read; to think.	2	2	4	2	3	2	1	1	2	1
PersonX makes decisions based	NotisBefore	PersonX makes decisions based. What does not happen before it? Name three.	to think.	PersonX makes decisions based. After that, does not usually to think.	False	 to listen to others; to read; to think.	4	3	4	3	2	1	2	3	1	3
PersonX has trouble staying awake	NotisBefore	PersonX has trouble staying awake. What does not happen before it? Name three.	PersonX takes a nap	PersonX has trouble staying awake. After that, does not usually PersonX takes a nap	False	 PersonX takes a nap; PersonX drinks coffee; PersonX watches television.	2	2	2	2	2	3	1	3	2	1
PersonX has trouble staying awake	NotisBefore	PersonX has trouble staying awake. What does not happen before it? Name three.	PersonX drinks coffee	PersonX has trouble staying awake. After that, does not usually PersonX drinks coffee	False	 PersonX takes a nap; PersonX drinks coffee; PersonX watches television.	4	1	4	2	2	3	1	2	2	1
PersonX has trouble staying awake	NotisBefore	PersonX has trouble staying awake. What does not happen before it? Name three.	PersonX watches television.	PersonX has trouble staying awake. After that, does not usually PersonX watches television.	False	 PersonX takes a nap; PersonX drinks coffee; PersonX watches television.	3	2	2	2	1	4	2	2	1	1
PersonX rears PersonY's children	NotisBefore	PersonX rears PersonY's children. What does not happen before it? Name three.	PersonX and PersonY get married	PersonX rears PersonY's children. After that, does not usually PersonX and PersonY get married	False	 PersonX and PersonY get married; PersonY dies; PersonX and PersonY have children together.	2	4	2	2	3	3	2	2	1	1
PersonX rears PersonY's children	NotisBefore	PersonX rears PersonY's children. What does not happen before it? Name three.	PersonY dies	PersonX rears PersonY's children. After that, does not usually PersonY dies	False	 PersonX and PersonY get married; PersonY dies; PersonX and PersonY have children together.	2	2	3	1	3	1	2	4	1	1
PersonX rears PersonY's children	NotisBefore	PersonX rears PersonY's children. What does not happen before it? Name three.	PersonX and PersonY have children together.	PersonX rears PersonY's children. After that, does not usually PersonX and PersonY have children together.	False	 PersonX and PersonY get married; PersonY dies; PersonX and PersonY have children together.	2	2	2	1	2	4	2	1	3	1
PersonX leaves for school	NotisAfter	PersonX leaves for school. What does not happen after it? Name three.	PersonX arrives at school	PersonX leaves for school. Before that, it is not needed that PersonX arrives at school	False	 PersonX arrives at school; PersonX starts class; PersonX goes to sleep.	3	3	2	1	2	3	1	2	1	1
PersonX leaves for school	NotisAfter	PersonX leaves for school. What does not happen after it? Name three.	PersonX starts class	PersonX leaves for school. Before that, it is not needed that PersonX starts class	False	 PersonX arrives at school; PersonX starts class; PersonX goes to sleep.	1	3	3	3	3	1	2	2	1	1
PersonX leaves for school	NotisAfter	PersonX leaves for school. What does not happen after it? Name three.	PersonX goes to sleep.	PersonX leaves for school. Before that, it is not needed that PersonX goes to sleep.	False	 PersonX arrives at school; PersonX starts class; PersonX goes to sleep.	2	2	3	1	2	2	2	4	2	1
PersonX visits the zoo	NotisAfter	PersonX visits the zoo. What does not happen after it? Name three.	PersonX leaves the zoo	PersonX visits the zoo. Before that, it is not needed that PersonX leaves the zoo	False	 PersonX leaves the zoo; PersonX goes to the bathroom; PersonX buys a souvenir.	3	4	3	2	1	2	3	2	2	1
PersonX visits the zoo	NotisAfter	PersonX visits the zoo. What does not happen after it? Name three.	PersonX goes to the bathroom	PersonX visits the zoo. Before that, it is not needed that PersonX goes to the bathroom	False	 PersonX leaves the zoo; PersonX goes to the bathroom; PersonX buys a souvenir.	4	3	1	2	3	1	1	2	2	1
PersonX visits the zoo	NotisAfter	PersonX visits the zoo. What does not happen after it? Name three.	PersonX buys a souvenir.	PersonX visits the zoo. Before that, it is not needed that PersonX buys a souvenir.	False	 PersonX leaves the zoo; PersonX goes to the bathroom; PersonX buys a souvenir.	2	2	1	2	3	2	2	1	1	1
PersonX holds onto nothing	NotisAfter	PersonX holds onto nothing. What does not happen after it? Name three.	PersonX falls	PersonX holds onto nothing. Before that, it is not needed that PersonX falls	False	 PersonX falls; PersonX gets pulled up; PersonX gets hurt.	4	2	2	3	2	2	1	4	2	1
PersonX holds onto nothing	NotisAfter	PersonX holds onto nothing. What does not happen after it? Name three.	PersonX gets pulled up	PersonX holds onto nothing. Before that, it is not needed that PersonX gets pulled up	False	 PersonX falls; PersonX gets pulled up; PersonX gets hurt.	2	2	2	1	1	1	1	1	1	1
PersonX holds onto nothing	NotisAfter	PersonX holds onto nothing. What does not happen after it? Name three.	PersonX gets hurt.	PersonX holds onto nothing. Before that, it is not needed that PersonX gets hurt.	False	 PersonX falls; PersonX gets pulled up; PersonX gets hurt.	1	2	2	4	1	2	4	2	1	1
PersonX summons for jury duty	NotisAfter	PersonX summons for jury duty. What does not happen after it? Name three.	PersonX goes to jail	PersonX summons for jury duty. Before that, it is not needed that PersonX goes to jail	False	 PersonX goes to jail; PersonX is paid; PersonX is put on a jury.	2	3	2	3	3	3	1	2	3	3
PersonX summons for jury duty	NotisAfter	PersonX summons for jury duty. What does not happen after it? Name three.	PersonX is paid	PersonX summons for jury duty. Before that, it is not needed that PersonX is paid	False	 PersonX goes to jail; PersonX is paid; PersonX is put on a jury.	2	2	4	1	4	2	3	1	1	1
PersonX summons for jury duty	NotisAfter	PersonX summons for jury duty. What does not happen after it? Name three.	PersonX is put on a jury.	PersonX summons for jury duty. Before that, it is not needed that PersonX is put on a jury.	False	 PersonX goes to jail; PersonX is paid; PersonX is put on a jury.	3	3	3	2	4	3	3	4	1	3
PersonX pumps iron	NotisAfter	PersonX pumps iron. What does not happen after it? Name three.	PersonX's muscles do not grow	PersonX pumps iron. Before that, it is not needed that PersonX's muscles do not grow	False	 PersonX's muscles do not grow; PersonX does not feel more energized; PersonX does not feel more attractive.	2	1	4	3	3	4	2	2	2	1
PersonX pumps iron	NotisAfter	PersonX pumps iron. What does not happen after it? Name three.	PersonX does not feel more energized	PersonX pumps iron. Before that, it is not needed that PersonX does not feel more energized	False	 PersonX's muscles do not grow; PersonX does not feel more energized; PersonX does not feel more attractive.	4	5	1	4	2	1	3	3	1	1
PersonX pumps iron	NotisAfter	PersonX pumps iron. What does not happen after it? Name three.	PersonX does not feel more attractive.	PersonX pumps iron. Before that, it is not needed that PersonX does not feel more attractive.	False	 PersonX's muscles do not grow; PersonX does not feel more energized; PersonX does not feel more attractive.	2	1	3	1	3	1	3	1	2	1
PersonX has tons of fun	NotisAfter	PersonX has tons of fun. What does not happen after it? Name three.	PersonX cries	PersonX has tons of fun. Before that, it is not needed that PersonX cries	False	 PersonX cries; PersonX becomes sad; PersonX becomes bored.	3	1	2	1	2	4	2	5	4	1
PersonX has tons of fun	NotisAfter	PersonX has tons of fun. What does not happen after it? Name three.	PersonX becomes sad	PersonX has tons of fun. Before that, it is not needed that PersonX becomes sad	False	 PersonX cries; PersonX becomes sad; PersonX becomes bored.	2	2	2	4	1	2	2	1	1	1
PersonX has tons of fun	NotisAfter	PersonX has tons of fun. What does not happen after it? Name three.	PersonX becomes bored.	PersonX has tons of fun. Before that, it is not needed that PersonX becomes bored.	False	 PersonX cries; PersonX becomes sad; PersonX becomes bored.	2	4	1	2	3	2	1	2	1	1
PersonX imitates PersonY's example	NotisAfter	PersonX imitates PersonY's example. What does not happen after it? Name three.	PersonY is pleased	PersonX imitates PersonY's example. Before that, it is not needed that PersonY is pleased	False	 PersonY is pleased; PersonY is flattered; PersonY is proud.	1	3	4	5	3	5	2	3	1	3
PersonX imitates PersonY's example	NotisAfter	PersonX imitates PersonY's example. What does not happen after it? Name three.	PersonY is flattered	PersonX imitates PersonY's example. Before that, it is not needed that PersonY is flattered	False	 PersonY is pleased; PersonY is flattered; PersonY is proud.	1	1	2	2	2	3	2	4	2	1
PersonX imitates PersonY's example	NotisAfter	PersonX imitates PersonY's example. What does not happen after it? Name three.	PersonY is proud.	PersonX imitates PersonY's example. Before that, it is not needed that PersonY is proud.	False	 PersonY is pleased; PersonY is flattered; PersonY is proud.	1	2	2	2	3	2	1	1	3	1
PersonX invites all PersonX's friends over	NotisAfter	PersonX invites all PersonX's friends over. What does not happen after it? Name three.	PersonY arrives	PersonX invites all PersonX's friends over. Before that, it is not needed that PersonY arrives	False	 PersonY arrives; PersonZ arrives; PersonX's friends leave.	2	2	1	1	3	2	1	2	3	1
PersonX invites all PersonX's friends over	NotisAfter	PersonX invites all PersonX's friends over. What does not happen after it? Name three.	PersonZ arrives	PersonX invites all PersonX's friends over. Before that, it is not needed that PersonZ arrives	False	 PersonY arrives; PersonZ arrives; PersonX's friends leave.	1	2	2	4	2	2	3	1	3	1
PersonX invites all PersonX's friends over	NotisAfter	PersonX invites all PersonX's friends over. What does not happen after it? Name three.	PersonX's friends leave.	PersonX invites all PersonX's friends over. Before that, it is not needed that PersonX's friends leave.	False	 PersonY arrives; PersonZ arrives; PersonX's friends leave.	2	2	1	4	3	2	2	4	1	1
PersonX wears glasses	NotisAfter	PersonX wears glasses. What does not happen after it? Name three.	PersonX's vision becomes clear	PersonX wears glasses. Before that, it is not needed that PersonX's vision becomes clear	False	 PersonX's vision becomes clear; PersonX can see better without them; PersonX can see better with them.	2	3	3	2	1	1	2	2	2	1
PersonX wears glasses	NotisAfter	PersonX wears glasses. What does not happen after it? Name three.	PersonX can see better without them	PersonX wears glasses. Before that, it is not needed that PersonX can see better without them	False	 PersonX's vision becomes clear; PersonX can see better without them; PersonX can see better with them.	4	1	3	4	3	2	2	2	1	1
PersonX wears glasses	NotisAfter	PersonX wears glasses. What does not happen after it? Name three.	PersonX can see better with them.	PersonX wears glasses. Before that, it is not needed that PersonX can see better with them.	False	 PersonX's vision becomes clear; PersonX can see better without them; PersonX can see better with them.	2	3	2	2	3	5	4	1	2	1
PersonX sprays by a skunk	NotisAfter	PersonX sprays by a skunk. What does not happen after it? Name three.	PersonX smells bad	PersonX sprays by a skunk. Before that, it is not needed that PersonX smells bad	False	 PersonX smells bad; PersonX feels itchy; PersonX's eyes water.	4	2	4	2	3	1	3	3	2	3
PersonX sprays by a skunk	NotisAfter	PersonX sprays by a skunk. What does not happen after it? Name three.	PersonX feels itchy	PersonX sprays by a skunk. Before that, it is not needed that PersonX feels itchy	False	 PersonX smells bad; PersonX feels itchy; PersonX's eyes water.	4	3	2	2	1	4	4	2	2	1
PersonX sprays by a skunk	NotisAfter	PersonX sprays by a skunk. What does not happen after it? Name three.	PersonX's eyes water.	PersonX sprays by a skunk. Before that, it is not needed that PersonX's eyes water.	False	 PersonX smells bad; PersonX feels itchy; PersonX's eyes water.	2	2	3	3	2	3	3	2	4	3
knight	NotAtLocation	Where is the knight not located? Name three.	in a castle	You are not likely to find  knight in in a castle	False	 in a castle; in a dungeon; in a forest.	2	4	3	5	3	1	1	2	1	1
knight	NotAtLocation	Where is the knight not located? Name three.	in a dungeon	You are not likely to find  knight in in a dungeon	False	 in a castle; in a dungeon; in a forest.	3	2	4	4	3	3	2	1	3	3
knight	NotAtLocation	Where is the knight not located? Name three.	in a forest.	You are not likely to find  knight in in a forest.	False	 in a castle; in a dungeon; in a forest.	4	1	3	3	2	2	1	3	1	1
harmonica	NotAtLocation	Where is the harmonica not located? Name three.	in a shoe	You are not likely to find  harmonica in in a shoe	False	 in a shoe; in a book; in front of a TV	3	4	1	1	3	4	2	4	4	3
harmonica	NotAtLocation	Where is the harmonica not located? Name three.	in a book	You are not likely to find  harmonica in in a book	False	 in a shoe; in a book; in front of a TV	4	2	1	4	3	2	2	1	2	1
harmonica	NotAtLocation	Where is the harmonica not located? Name three.	in front of a TV	You are not likely to find  harmonica in in front of a TV	False	 in a shoe; in a book; in front of a TV	2	2	3	4	4	2	2	1	1	1
salt	NotAtLocation	Where is the salt not located? Name three.	in the sugar bowl	You are not likely to find  salt in in the sugar bowl	False	 in the sugar bowl; in the shoe; in the lamp.	3	3	1	2	2	2	2	3	2	1
salt	NotAtLocation	Where is the salt not located? Name three.	in the shoe	You are not likely to find  salt in in the shoe	False	 in the sugar bowl; in the shoe; in the lamp.	2	2	1	2	4	3	3	3	2	1
salt	NotAtLocation	Where is the salt not located? Name three.	in the lamp.	You are not likely to find  salt in in the lamp.	False	 in the sugar bowl; in the shoe; in the lamp.	2	1	2	1	2	1	2	2	3	1
book light	NotAtLocation	Where is the book light not located? Name three.	in a book	You are not likely to find  book light in in a book	False	 in a book; on a table; in a drawer.	5	3	3	1	3	2	2	3	3	3
book light	NotAtLocation	Where is the book light not located? Name three.	on a table	You are not likely to find  book light in on a table	False	 in a book; on a table; in a drawer.	4	4	4	2	2	4	5	4	5	3
book light	NotAtLocation	Where is the book light not located? Name three.	in a drawer.	You are not likely to find  book light in in a drawer.	False	 in a book; on a table; in a drawer.	2	1	3	2	4	2	2	4	1	1
handle	NotAtLocation	Where is the handle not located? Name three.	on a hat	You are not likely to find  handle in on a hat	False	 on a hat; on a toothbrush; on a banana.	1	3	3	4	2	4	2	2	2	1
handle	NotAtLocation	Where is the handle not located? Name three.	on a toothbrush	You are not likely to find  handle in on a toothbrush	False	 on a hat; on a toothbrush; on a banana.	2	3	3	1	1	4	3	3	1	3
handle	NotAtLocation	Where is the handle not located? Name three.	on a banana.	You are not likely to find  handle in on a banana.	False	 on a hat; on a toothbrush; on a banana.	3	3	2	3	1	2	2	2	1	1
dark matter	NotAtLocation	Where is the dark matter not located? Name three.	in a lightbulb	You are not likely to find  dark matter in in a lightbulb	False	 in a lightbulb; in a star; in a human.	3	3	2	3	1	4	3	1	2	3
dark matter	NotAtLocation	Where is the dark matter not located? Name three.	in a star	You are not likely to find  dark matter in in a star	False	 in a lightbulb; in a star; in a human.	3	4	5	1	2	2	2	1	2	1
dark matter	NotAtLocation	Where is the dark matter not located? Name three.	in a human.	You are not likely to find  dark matter in in a human.	False	 in a lightbulb; in a star; in a human.	3	3	2	3	2	2	1	2	2	1
indian ocean	NotAtLocation	Where is the indian ocean not located? Name three.	North America	You are not likely to find  indian ocean in North America	False	 North America; Europe; Asia	3	1	3	1	1	3	1	1	3	1
indian ocean	NotAtLocation	Where is the indian ocean not located? Name three.	Europe	You are not likely to find  indian ocean in Europe	False	 North America; Europe; Asia	2	4	3	2	1	1	2	2	1	1
indian ocean	NotAtLocation	Where is the indian ocean not located? Name three.	Asia	You are not likely to find  indian ocean in Asia	False	 North America; Europe; Asia	3	1	2	3	4	4	4	3	2	3
large container	NotAtLocation	Where is the large container not located? Name three.	a small room	You are not likely to find  large container in a small room	False	 a small room; a car; a human body.	2	2	3	4	2	2	2	3	2	1
large container	NotAtLocation	Where is the large container not located? Name three.	a car	You are not likely to find  large container in a car	False	 a small room; a car; a human body.	4	4	2	1	4	2	4	2	1	1
large container	NotAtLocation	Where is the large container not located? Name three.	a human body.	You are not likely to find  large container in a human body.	False	 a small room; a car; a human body.	3	2	2	2	1	2	3	1	2	1
lacebug	NotAtLocation	Where is the lacebug not located? Name three.	on the moon	You are not likely to find  lacebug in on the moon	False	 on the moon; in the ocean; in space.	2	1	1	2	1	5	1	2	3	1
lacebug	NotAtLocation	Where is the lacebug not located? Name three.	in the ocean	You are not likely to find  lacebug in in the ocean	False	 on the moon; in the ocean; in space.	2	2	3	4	4	2	2	2	2	1
lacebug	NotAtLocation	Where is the lacebug not located? Name three.	in space.	You are not likely to find  lacebug in in space.	False	 on the moon; in the ocean; in space.	2	2	2	2	2	2	2	1	1	1
cpu	NotAtLocation	Where is the cpu not located? Name three.	in the clouds	You are not likely to find  cpu in in the clouds	False	 in the clouds; in a car; in a toaster	4	4	3	4	2	2	1	4	1	3
cpu	NotAtLocation	Where is the cpu not located? Name three.	in a car	You are not likely to find  cpu in in a car	False	 in the clouds; in a car; in a toaster	4	2	3	2	2	2	1	1	2	1
cpu	NotAtLocation	Where is the cpu not located? Name three.	in a toaster	You are not likely to find  cpu in in a toaster	False	 in the clouds; in a car; in a toaster	2	2	3	2	3	3	1	4	2	1
get old	NotHasSubEvent	get old. What you will not do while: get old? Name three.	to play tennis	While getting old, you would not to play tennis	False	 to play tennis; to stay up late; to travel.	4	2	2	2	2	2	5	2	2	1
get old	NotHasSubEvent	get old. What you will not do while: get old? Name three.	to stay up late	While getting old, you would not to stay up late	False	 to play tennis; to stay up late; to travel.	3	2	3	1	3	3	1	1	3	3
get old	NotHasSubEvent	get old. What you will not do while: get old? Name three.	to travel.	While getting old, you would not to travel.	False	 to play tennis; to stay up late; to travel.	2	1	1	2	4	2	2	2	2	1
get in line	NotHasSubEvent	get in line. What you will not do while: get in line? Name three.	talk on the phone	While getting in line, you would not talk on the phone	False	 talk on the phone; read a book; listen to music.	2	2	2	2	2	3	2	2	3	1
get in line	NotHasSubEvent	get in line. What you will not do while: get in line? Name three.	read a book	While getting in line, you would not read a book	False	 talk on the phone; read a book; listen to music.	2	2	1	2	3	1	1	2	2	1
get in line	NotHasSubEvent	get in line. What you will not do while: get in line? Name three.	listen to music.	While getting in line, you would not listen to music.	False	 talk on the phone; read a book; listen to music.	1	4	4	1	2	1	1	4	4	1
comfort	NotHasSubEvent	comfort. What you will not do while: comfort? Name three.	be in a fight	While comfort, you would not be in a fight	False	 be in a fight; be in a car accident; be dying.	2	3	2	1	2	1	4	1	2	1
comfort	NotHasSubEvent	comfort. What you will not do while: comfort? Name three.	be in a car accident	While comfort, you would not be in a car accident	False	 be in a fight; be in a car accident; be dying.	2	3	2	4	3	2	3	4	4	3
comfort	NotHasSubEvent	comfort. What you will not do while: comfort? Name three.	be dying.	While comfort, you would not be dying.	False	 be in a fight; be in a car accident; be dying.	2	3	3	3	1	2	3	1	2	1
gargle	NotHasSubEvent	gargle. What you will not do while: gargle? Name three.	drive a car	While gargle, you would not drive a car	False	 drive a car; listen to music; talk	3	4	2	2	5	3	3	2	1	1
gargle	NotHasSubEvent	gargle. What you will not do while: gargle? Name three.	listen to music	While gargle, you would not listen to music	False	 drive a car; listen to music; talk	3	4	3	3	3	4	2	3	1	3
gargle	NotHasSubEvent	gargle. What you will not do while: gargle? Name three.	talk	While gargle, you would not talk	False	 drive a car; listen to music; talk	3	1	5	1	4	3	1	2	2	1
drink	NotHasSubEvent	drink. What you will not do while: drink? Name three.	drive	While drinking, you would not drive	False	 drive; operate machinery; take medication	2	3	2	1	1	4	1	2	2	1
drink	NotHasSubEvent	drink. What you will not do while: drink? Name three.	operate machinery	While drinking, you would not operate machinery	False	 drive; operate machinery; take medication	3	1	4	2	2	1	2	3	3	1
drink	NotHasSubEvent	drink. What you will not do while: drink? Name three.	take medication	While drinking, you would not take medication	False	 drive; operate machinery; take medication	4	3	1	3	4	1	2	4	1	3
love another	NotHasSubEvent	love another. What you will not do while: love another? Name three.	neglectful	While loving another, you would not neglectful	False	 neglectful; harmful; disrespectful.	4	3	4	2	4	3	4	1	1	3
love another	NotHasSubEvent	love another. What you will not do while: love another? Name three.	harmful	While loving another, you would not harmful	False	 neglectful; harmful; disrespectful.	4	2	1	3	2	1	4	1	3	1
love another	NotHasSubEvent	love another. What you will not do while: love another? Name three.	disrespectful.	While loving another, you would not disrespectful.	False	 neglectful; harmful; disrespectful.	2	2	2	5	2	2	2	2	1	1
give assistance	NotHasSubEvent	give assistance. What you will not do while: give assistance? Name three.	to ignore	While giving assistance, you would not to ignore	False	 to ignore; to judge; to be impatient.	1	3	2	3	2	2	2	2	2	1
give assistance	NotHasSubEvent	give assistance. What you will not do while: give assistance? Name three.	to judge	While giving assistance, you would not to judge	False	 to ignore; to judge; to be impatient.	2	2	1	3	2	3	2	4	2	1
give assistance	NotHasSubEvent	give assistance. What you will not do while: give assistance? Name three.	to be impatient.	While giving assistance, you would not to be impatient.	False	 to ignore; to judge; to be impatient.	4	4	2	1	2	2	4	3	2	1
stay in bed	NotHasSubEvent	stay in bed. What you will not do while: stay in bed? Name three.	go to work	While staying in bed, you would not go to work	False	 go to work; make breakfast; take a shower.	1	3	2	2	1	2	1	1	3	1
stay in bed	NotHasSubEvent	stay in bed. What you will not do while: stay in bed? Name three.	make breakfast	While staying in bed, you would not make breakfast	False	 go to work; make breakfast; take a shower.	4	1	2	3	4	3	3	2	1	3
stay in bed	NotHasSubEvent	stay in bed. What you will not do while: stay in bed? Name three.	take a shower.	While staying in bed, you would not take a shower.	False	 go to work; make breakfast; take a shower.	1	3	2	3	4	4	1	3	1	3
interfere	NotHasSubEvent	interfere. What you will not do while: interfere? Name three.	watch tv	While interfering, you would not watch tv	False	 watch tv; read a book; talk on the phone.	2	4	2	2	3	2	1	2	5	1
interfere	NotHasSubEvent	interfere. What you will not do while: interfere? Name three.	read a book	While interfering, you would not read a book	False	 watch tv; read a book; talk on the phone.	3	2	2	2	4	2	2	2	3	1
interfere	NotHasSubEvent	interfere. What you will not do while: interfere? Name three.	talk on the phone.	While interfering, you would not talk on the phone.	False	 watch tv; read a book; talk on the phone.	4	2	2	2	2	4	1	2	1	1
play chess	NotHasSubEvent	play chess. What you will not do while: play chess? Name three.	talk	While playing chess, you would not talk	False	 talk; listen to music; sleep	2	2	4	2	4	3	2	2	1	1
play chess	NotHasSubEvent	play chess. What you will not do while: play chess? Name three.	listen to music	While playing chess, you would not listen to music	False	 talk; listen to music; sleep	4	1	4	2	3	3	1	1	2	1
play chess	NotHasSubEvent	play chess. What you will not do while: play chess? Name three.	sleep	While playing chess, you would not sleep	False	 talk; listen to music; sleep	3	4	1	2	1	3	1	1	1	1
